snapshot_date,store_id,product_id,stock_on_hand,reorder_level
2025-01-31,ST001,PRD001,38,20
2025-01-31,ST001,PRD002,49,10
2025-01-31,ST001,PRD004,109,10
2025-01-31,ST001,PRD007,148,15
2025-01-31,ST001,PRD009,153,10
2025-01-31,ST001,PRD010,117,25
2025-01-31,ST001,PRD011,49,10
2025-01-31,ST001,PRD013,171,10
2025-01-31,ST001,PRD014,88,15
2025-01-31,ST001,PRD015,22,20
2025-01-31,ST001,PRD016,13,30
2025-01-31,ST001,PRD018,8,30
2025-01-31,ST001,PRD019,52,15
2025-01-31,ST001,PRD020,115,15
2025-01-31,ST001,PRD021,129,25
2025-01-31,ST001,PRD022,29,20
2025-01-31,ST001,PRD023,155,30
2025-01-31,ST001,PRD024,19,15
2025-01-31,ST001,PRD025,13,25
2025-01-31,ST002,PRD002,116,30
2025-01-31,ST002,PRD004,141,25
2025-01-31,ST002,PRD006,71,10
2025-01-31,ST002,PRD007,164,25
2025-01-31,ST002,PRD008,50,10
2025-01-31,ST002,PRD009,45,30
2025-01-31,ST002,PRD011,114,10
2025-01-31,ST002,PRD012,27,15
2025-01-31,ST002,PRD013,11,20
2025-01-31,ST002,PRD014,149,10
2025-01-31,ST002,PRD015,109,25
2025-01-31,ST002,PRD016,118,30
2025-01-31,ST002,PRD018,91,20
2025-01-31,ST002,PRD019,40,15
2025-01-31,ST002,PRD020,60,30
2025-01-31,ST002,PRD021,103,30
2025-01-31,ST002,PRD022,35,10
2025-01-31,ST002,PRD023,61,25
2025-01-31,ST002,PRD024,107,15
2025-01-31,ST002,PRD025,106,25
2025-01-31,ST003,PRD001,96,10
2025-01-31,ST003,PRD002,157,15
2025-01-31,ST003,PRD005,62,25
2025-01-31,ST003,PRD006,120,10
2025-01-31,ST003,PRD008,162,20
2025-01-31,ST003,PRD010,129,30
2025-01-31,ST003,PRD011,60,30
2025-01-31,ST003,PRD012,109,20
2025-01-31,ST003,PRD013,174,25
2025-01-31,ST003,PRD014,45,30
2025-01-31,ST003,PRD015,130,25
2025-01-31,ST003,PRD016,50,20
2025-01-31,ST003,PRD017,161,10
2025-01-31,ST003,PRD018,10,15
2025-01-31,ST003,PRD019,143,25
2025-01-31,ST003,PRD020,106,25
2025-01-31,ST003,PRD021,78,20
2025-01-31,ST003,PRD022,64,30
2025-01-31,ST003,PRD023,46,20
2025-01-31,ST003,PRD025,140,30
2025-01-31,ST004,PRD001,15,30
2025-01-31,ST004,PRD002,126,20
2025-01-31,ST004,PRD003,149,25
2025-01-31,ST004,PRD004,87,25
2025-01-31,ST004,PRD005,22,20
2025-01-31,ST004,PRD007,149,15
2025-01-31,ST004,PRD010,31,15
2025-01-31,ST004,PRD011,87,10
2025-01-31,ST004,PRD013,91,30
2025-01-31,ST004,PRD014,67,20
2025-01-31,ST004,PRD015,46,25
2025-01-31,ST004,PRD017,90,20
2025-01-31,ST004,PRD018,57,30
2025-01-31,ST004,PRD019,33,30
2025-01-31,ST004,PRD020,49,25
2025-01-31,ST004,PRD021,38,25
2025-01-31,ST004,PRD022,88,30
2025-01-31,ST004,PRD023,89,10
2025-01-31,ST004,PRD025,179,30
2025-01-31,ST005,PRD001,122,20
2025-01-31,ST005,PRD002,110,15
2025-01-31,ST005,PRD006,4,20
2025-01-31,ST005,PRD007,56,10
2025-01-31,ST005,PRD008,107,20
2025-01-31,ST005,PRD010,67,30
2025-01-31,ST005,PRD011,161,20
2025-01-31,ST005,PRD012,113,20
2025-01-31,ST005,PRD013,69,30
2025-01-31,ST005,PRD014,179,20
2025-01-31,ST005,PRD015,132,20
2025-01-31,ST005,PRD016,86,30
2025-01-31,ST005,PRD017,110,10
2025-01-31,ST005,PRD018,70,25
2025-01-31,ST005,PRD019,52,15
2025-01-31,ST005,PRD020,51,30
2025-01-31,ST005,PRD021,0,10
2025-01-31,ST005,PRD022,169,25
2025-01-31,ST005,PRD023,156,30
2025-01-31,ST005,PRD024,177,20
2025-01-31,ST006,PRD001,0,10
2025-01-31,ST006,PRD002,0,10
2025-01-31,ST006,PRD003,72,20
2025-01-31,ST006,PRD004,132,30
2025-01-31,ST006,PRD006,158,10
2025-01-31,ST006,PRD007,8,15
2025-01-31,ST006,PRD008,12,30
2025-01-31,ST006,PRD009,103,20
2025-01-31,ST006,PRD010,108,10
2025-01-31,ST006,PRD011,175,20
2025-01-31,ST006,PRD012,19,10
2025-01-31,ST006,PRD013,21,30
2025-01-31,ST006,PRD014,112,15
2025-01-31,ST006,PRD015,39,25
2025-01-31,ST006,PRD016,96,10
2025-01-31,ST006,PRD017,155,25
2025-01-31,ST006,PRD019,69,10
2025-01-31,ST006,PRD020,58,15
2025-01-31,ST006,PRD021,33,30
2025-01-31,ST006,PRD022,110,20
2025-01-31,ST006,PRD023,39,30
2025-01-31,ST006,PRD024,70,30
2025-01-31,ST006,PRD025,75,15
2025-01-31,ST007,PRD001,106,25
2025-01-31,ST007,PRD002,29,20
2025-01-31,ST007,PRD003,94,25
2025-01-31,ST007,PRD005,75,20
2025-01-31,ST007,PRD007,137,20
2025-01-31,ST007,PRD008,161,25
2025-01-31,ST007,PRD009,154,15
2025-01-31,ST007,PRD010,57,15
2025-01-31,ST007,PRD011,1,10
2025-01-31,ST007,PRD012,174,30
2025-01-31,ST007,PRD013,23,15
2025-01-31,ST007,PRD014,25,30
2025-01-31,ST007,PRD015,180,15
2025-01-31,ST007,PRD016,81,15
2025-01-31,ST007,PRD017,150,25
2025-01-31,ST007,PRD018,37,30
2025-01-31,ST007,PRD020,151,20
2025-01-31,ST007,PRD023,19,25
2025-01-31,ST007,PRD024,121,20
2025-01-31,ST007,PRD025,92,20
2025-03-31,ST001,PRD001,172,15
2025-03-31,ST001,PRD002,4,15
2025-03-31,ST001,PRD003,140,10
2025-03-31,ST001,PRD004,100,30
2025-03-31,ST001,PRD005,149,15
2025-03-31,ST001,PRD007,36,30
2025-03-31,ST001,PRD008,146,30
2025-03-31,ST001,PRD009,52,15
2025-03-31,ST001,PRD010,98,30
2025-03-31,ST001,PRD011,44,15
2025-03-31,ST001,PRD012,99,25
2025-03-31,ST001,PRD013,164,20
2025-03-31,ST001,PRD014,153,20
2025-03-31,ST001,PRD015,68,15
2025-03-31,ST001,PRD016,108,10
2025-03-31,ST001,PRD017,32,20
2025-03-31,ST001,PRD018,27,10
2025-03-31,ST001,PRD020,156,30
2025-03-31,ST001,PRD021,3,20
2025-03-31,ST001,PRD022,64,20
2025-03-31,ST001,PRD023,13,25
2025-03-31,ST001,PRD024,149,10
2025-03-31,ST001,PRD025,118,20
2025-03-31,ST002,PRD001,122,10
2025-03-31,ST002,PRD002,107,25
2025-03-31,ST002,PRD003,170,10
2025-03-31,ST002,PRD004,74,15
2025-03-31,ST002,PRD005,174,20
2025-03-31,ST002,PRD006,112,20
2025-03-31,ST002,PRD007,68,20
2025-03-31,ST002,PRD008,51,25
2025-03-31,ST002,PRD010,99,15
2025-03-31,ST002,PRD012,47,25
2025-03-31,ST002,PRD013,166,15
2025-03-31,ST002,PRD014,103,25
2025-03-31,ST002,PRD015,157,10
2025-03-31,ST002,PRD016,20,30
2025-03-31,ST002,PRD017,66,30
2025-03-31,ST002,PRD018,158,30
2025-03-31,ST002,PRD019,36,10
2025-03-31,ST002,PRD020,139,15
2025-03-31,ST002,PRD021,15,10
2025-03-31,ST002,PRD022,1,30
2025-03-31,ST002,PRD023,142,15
2025-03-31,ST002,PRD025,83,10
2025-03-31,ST003,PRD001,16,25
2025-03-31,ST003,PRD002,135,20
2025-03-31,ST003,PRD003,155,25
2025-03-31,ST003,PRD004,9,10
2025-03-31,ST003,PRD005,14,25
2025-03-31,ST003,PRD006,21,20
2025-03-31,ST003,PRD007,35,10
2025-03-31,ST003,PRD008,46,15
2025-03-31,ST003,PRD009,73,15
2025-03-31,ST003,PRD011,67,20
2025-03-31,ST003,PRD012,16,15
2025-03-31,ST003,PRD013,34,20
2025-03-31,ST003,PRD015,24,20
2025-03-31,ST003,PRD016,63,30
2025-03-31,ST003,PRD017,94,20
2025-03-31,ST003,PRD018,164,15
2025-03-31,ST003,PRD020,108,15
2025-03-31,ST003,PRD022,34,30
2025-03-31,ST003,PRD023,64,10
2025-03-31,ST003,PRD024,113,30
2025-03-31,ST003,PRD025,72,10
2025-03-31,ST004,PRD001,127,25
2025-03-31,ST004,PRD002,168,20
2025-03-31,ST004,PRD003,50,25
2025-03-31,ST004,PRD004,125,25
2025-03-31,ST004,PRD005,132,25
2025-03-31,ST004,PRD006,18,20
2025-03-31,ST004,PRD007,81,15
2025-03-31,ST004,PRD008,158,10
2025-03-31,ST004,PRD010,70,20
2025-03-31,ST004,PRD011,23,20
2025-03-31,ST004,PRD012,66,20
2025-03-31,ST004,PRD013,95,20
2025-03-31,ST004,PRD014,45,10
2025-03-31,ST004,PRD015,39,20
2025-03-31,ST004,PRD016,162,25
2025-03-31,ST004,PRD017,49,30
2025-03-31,ST004,PRD018,164,30
2025-03-31,ST004,PRD019,18,10
2025-03-31,ST004,PRD022,30,25
2025-03-31,ST004,PRD023,19,15
2025-03-31,ST004,PRD024,124,15
2025-03-31,ST004,PRD025,34,30
2025-03-31,ST005,PRD001,129,10
2025-03-31,ST005,PRD003,143,10
2025-03-31,ST005,PRD004,165,20
2025-03-31,ST005,PRD005,96,30
2025-03-31,ST005,PRD006,48,20
2025-03-31,ST005,PRD007,71,15
2025-03-31,ST005,PRD008,79,30
2025-03-31,ST005,PRD009,11,15
2025-03-31,ST005,PRD010,102,10
2025-03-31,ST005,PRD011,129,15
2025-03-31,ST005,PRD012,13,20
2025-03-31,ST005,PRD013,39,20
2025-03-31,ST005,PRD014,148,30
2025-03-31,ST005,PRD015,149,20
2025-03-31,ST005,PRD016,47,25
2025-03-31,ST005,PRD017,145,10
2025-03-31,ST005,PRD018,151,20
2025-03-31,ST005,PRD019,24,30
2025-03-31,ST005,PRD020,145,20
2025-03-31,ST005,PRD021,81,25
2025-03-31,ST005,PRD022,20,20
2025-03-31,ST005,PRD023,137,25
2025-03-31,ST005,PRD024,62,10
2025-03-31,ST005,PRD025,88,20
2025-03-31,ST006,PRD001,64,30
2025-03-31,ST006,PRD002,6,10
2025-03-31,ST006,PRD003,30,30
2025-03-31,ST006,PRD004,8,10
2025-03-31,ST006,PRD007,131,25
2025-03-31,ST006,PRD008,160,15
2025-03-31,ST006,PRD009,43,20
2025-03-31,ST006,PRD010,101,25
2025-03-31,ST006,PRD011,100,15
2025-03-31,ST006,PRD012,130,10
2025-03-31,ST006,PRD013,45,15
2025-03-31,ST006,PRD014,169,25
2025-03-31,ST006,PRD015,18,15
2025-03-31,ST006,PRD016,163,20
2025-03-31,ST006,PRD017,79,25
2025-03-31,ST006,PRD018,75,10
2025-03-31,ST006,PRD020,160,30
2025-03-31,ST006,PRD021,178,15
2025-03-31,ST006,PRD022,14,25
2025-03-31,ST006,PRD023,120,30
2025-03-31,ST006,PRD024,172,10
2025-03-31,ST007,PRD001,156,10
2025-03-31,ST007,PRD002,109,15
2025-03-31,ST007,PRD003,158,30
2025-03-31,ST007,PRD004,27,20
2025-03-31,ST007,PRD006,138,15
2025-03-31,ST007,PRD007,179,15
2025-03-31,ST007,PRD008,58,30
2025-03-31,ST007,PRD009,5,30
2025-03-31,ST007,PRD010,42,30
2025-03-31,ST007,PRD011,100,30
2025-03-31,ST007,PRD012,128,20
2025-03-31,ST007,PRD013,150,10
2025-03-31,ST007,PRD014,137,15
2025-03-31,ST007,PRD016,165,20
2025-03-31,ST007,PRD017,94,10
2025-03-31,ST007,PRD018,92,20
2025-03-31,ST007,PRD019,73,15
2025-03-31,ST007,PRD020,42,30
2025-03-31,ST007,PRD021,121,10
2025-03-31,ST007,PRD023,133,10
2025-06-30,ST001,PRD001,41,25
2025-06-30,ST001,PRD002,84,15
2025-06-30,ST001,PRD003,165,30
2025-06-30,ST001,PRD004,99,15
2025-06-30,ST001,PRD006,29,30
2025-06-30,ST001,PRD008,106,25
2025-06-30,ST001,PRD010,176,30
2025-06-30,ST001,PRD012,152,20
2025-06-30,ST001,PRD013,41,10
2025-06-30,ST001,PRD014,33,10
2025-06-30,ST001,PRD015,33,20
2025-06-30,ST001,PRD016,11,25
2025-06-30,ST001,PRD017,138,25
2025-06-30,ST001,PRD018,130,30
2025-06-30,ST001,PRD019,104,15
2025-06-30,ST001,PRD020,105,20
2025-06-30,ST001,PRD021,35,25
2025-06-30,ST001,PRD022,95,20
2025-06-30,ST001,PRD023,169,20
2025-06-30,ST001,PRD025,12,30
2025-06-30,ST002,PRD001,28,20
2025-06-30,ST002,PRD002,166,30
2025-06-30,ST002,PRD003,69,30
2025-06-30,ST002,PRD004,69,25
2025-06-30,ST002,PRD005,95,20
2025-06-30,ST002,PRD006,52,15
2025-06-30,ST002,PRD007,176,25
2025-06-30,ST002,PRD008,157,30
2025-06-30,ST002,PRD009,138,20
2025-06-30,ST002,PRD010,27,15
2025-06-30,ST002,PRD011,141,10
2025-06-30,ST002,PRD012,42,15
2025-06-30,ST002,PRD013,80,10
2025-06-30,ST002,PRD015,27,30
2025-06-30,ST002,PRD016,5,20
2025-06-30,ST002,PRD017,28,30
2025-06-30,ST002,PRD019,154,10
2025-06-30,ST002,PRD020,100,15
2025-06-30,ST002,PRD022,157,10
2025-06-30,ST002,PRD023,7,20
2025-06-30,ST002,PRD024,123,20
2025-06-30,ST002,PRD025,71,15
2025-06-30,ST003,PRD001,127,15
2025-06-30,ST003,PRD002,172,25
2025-06-30,ST003,PRD003,82,30
2025-06-30,ST003,PRD004,30,20
2025-06-30,ST003,PRD005,133,20
2025-06-30,ST003,PRD006,164,30
2025-06-30,ST003,PRD007,123,20
2025-06-30,ST003,PRD008,55,30
2025-06-30,ST003,PRD009,92,30
2025-06-30,ST003,PRD010,105,15
2025-06-30,ST003,PRD011,148,25
2025-06-30,ST003,PRD012,89,15
2025-06-30,ST003,PRD013,153,25
2025-06-30,ST003,PRD014,66,30
2025-06-30,ST003,PRD015,115,15
2025-06-30,ST003,PRD016,165,10
2025-06-30,ST003,PRD017,163,15
2025-06-30,ST003,PRD018,71,30
2025-06-30,ST003,PRD019,95,20
2025-06-30,ST003,PRD020,172,30
2025-06-30,ST003,PRD021,46,30
2025-06-30,ST003,PRD024,132,10
2025-06-30,ST003,PRD025,69,10
2025-06-30,ST004,PRD002,85,15
2025-06-30,ST004,PRD003,180,15
2025-06-30,ST004,PRD004,16,25
2025-06-30,ST004,PRD005,107,20
2025-06-30,ST004,PRD006,145,20
2025-06-30,ST004,PRD007,13,20
2025-06-30,ST004,PRD008,76,10
2025-06-30,ST004,PRD009,26,30
2025-06-30,ST004,PRD010,151,20
2025-06-30,ST004,PRD011,67,25
2025-06-30,ST004,PRD012,160,15
2025-06-30,ST004,PRD013,44,25
2025-06-30,ST004,PRD014,136,15
2025-06-30,ST004,PRD015,131,15
2025-06-30,ST004,PRD016,73,15
2025-06-30,ST004,PRD017,64,20
2025-06-30,ST004,PRD019,78,10
2025-06-30,ST004,PRD020,137,15
2025-06-30,ST004,PRD021,62,20
2025-06-30,ST004,PRD025,56,30
2025-06-30,ST005,PRD001,32,20
2025-06-30,ST005,PRD002,72,10
2025-06-30,ST005,PRD003,61,25
2025-06-30,ST005,PRD004,70,15
2025-06-30,ST005,PRD005,139,30
2025-06-30,ST005,PRD006,70,30
2025-06-30,ST005,PRD007,85,30
2025-06-30,ST005,PRD008,20,15
2025-06-30,ST005,PRD009,16,30
2025-06-30,ST005,PRD010,42,25
2025-06-30,ST005,PRD011,81,15
2025-06-30,ST005,PRD013,173,15
2025-06-30,ST005,PRD014,5,10
2025-06-30,ST005,PRD016,105,15
2025-06-30,ST005,PRD017,11,20
2025-06-30,ST005,PRD019,72,30
2025-06-30,ST005,PRD020,48,10
2025-06-30,ST005,PRD021,167,15
2025-06-30,ST005,PRD022,109,15
2025-06-30,ST005,PRD023,34,20
2025-06-30,ST005,PRD024,146,10
2025-06-30,ST005,PRD025,129,15
2025-06-30,ST006,PRD002,131,30
2025-06-30,ST006,PRD003,25,25
2025-06-30,ST006,PRD004,36,25
2025-06-30,ST006,PRD005,23,20
2025-06-30,ST006,PRD006,172,10
2025-06-30,ST006,PRD007,102,15
2025-06-30,ST006,PRD008,108,20
2025-06-30,ST006,PRD009,106,10
2025-06-30,ST006,PRD010,114,20
2025-06-30,ST006,PRD011,142,15
2025-06-30,ST006,PRD012,138,25
2025-06-30,ST006,PRD015,113,25
2025-06-30,ST006,PRD016,64,25
2025-06-30,ST006,PRD017,47,15
2025-06-30,ST006,PRD018,120,10
2025-06-30,ST006,PRD019,145,10
2025-06-30,ST006,PRD020,127,30
2025-06-30,ST006,PRD021,169,10
2025-06-30,ST006,PRD022,70,20
2025-06-30,ST006,PRD024,79,30
2025-06-30,ST006,PRD025,24,20
2025-06-30,ST007,PRD003,41,25
2025-06-30,ST007,PRD004,172,20
2025-06-30,ST007,PRD006,137,25
2025-06-30,ST007,PRD007,46,20
2025-06-30,ST007,PRD008,144,15
2025-06-30,ST007,PRD009,158,20
2025-06-30,ST007,PRD010,90,30
2025-06-30,ST007,PRD011,136,30
2025-06-30,ST007,PRD012,34,25
2025-06-30,ST007,PRD013,102,20
2025-06-30,ST007,PRD014,72,20
2025-06-30,ST007,PRD015,15,10
2025-06-30,ST007,PRD016,160,20
2025-06-30,ST007,PRD017,65,25
2025-06-30,ST007,PRD018,176,30
2025-06-30,ST007,PRD019,48,30
2025-06-30,ST007,PRD020,9,30
2025-06-30,ST007,PRD021,146,20
2025-06-30,ST007,PRD022,112,20
2025-06-30,ST007,PRD023,103,10
2025-06-30,ST007,PRD024,10,30
2025-06-30,ST007,PRD025,158,10
2025-09-30,ST001,PRD001,29,20
2025-09-30,ST001,PRD002,150,15
2025-09-30,ST001,PRD003,120,10
2025-09-30,ST001,PRD004,148,15
2025-09-30,ST001,PRD005,31,10
2025-09-30,ST001,PRD006,5,25
2025-09-30,ST001,PRD007,31,15
2025-09-30,ST001,PRD008,60,30
2025-09-30,ST001,PRD009,99,30
2025-09-30,ST001,PRD011,24,10
2025-09-30,ST001,PRD013,0,25
2025-09-30,ST001,PRD014,175,20
2025-09-30,ST001,PRD015,133,30
2025-09-30,ST001,PRD017,116,30
2025-09-30,ST001,PRD018,170,15
2025-09-30,ST001,PRD019,154,25
2025-09-30,ST001,PRD020,57,30
2025-09-30,ST001,PRD021,81,20
2025-09-30,ST001,PRD022,169,20
2025-09-30,ST001,PRD023,88,25
2025-09-30,ST001,PRD024,7,20
2025-09-30,ST001,PRD025,141,30
2025-09-30,ST002,PRD001,88,30
2025-09-30,ST002,PRD002,69,10
2025-09-30,ST002,PRD003,138,10
2025-09-30,ST002,PRD004,118,15
2025-09-30,ST002,PRD005,43,25
2025-09-30,ST002,PRD006,146,20
2025-09-30,ST002,PRD007,18,20
2025-09-30,ST002,PRD008,5,10
2025-09-30,ST002,PRD009,121,10
2025-09-30,ST002,PRD010,120,15
2025-09-30,ST002,PRD012,35,20
2025-09-30,ST002,PRD013,15,30
2025-09-30,ST002,PRD015,55,25
2025-09-30,ST002,PRD016,177,10
2025-09-30,ST002,PRD017,170,10
2025-09-30,ST002,PRD018,14,30
2025-09-30,ST002,PRD019,162,15
2025-09-30,ST002,PRD020,63,20
2025-09-30,ST002,PRD021,131,20
2025-09-30,ST002,PRD022,60,30
2025-09-30,ST002,PRD024,25,30
2025-09-30,ST002,PRD025,83,15
2025-09-30,ST003,PRD001,149,10
2025-09-30,ST003,PRD002,55,20
2025-09-30,ST003,PRD004,55,20
2025-09-30,ST003,PRD005,89,15
2025-09-30,ST003,PRD006,142,15
2025-09-30,ST003,PRD007,39,15
2025-09-30,ST003,PRD008,8,30
2025-09-30,ST003,PRD009,57,30
2025-09-30,ST003,PRD010,139,25
2025-09-30,ST003,PRD011,33,15
2025-09-30,ST003,PRD012,73,15
2025-09-30,ST003,PRD013,0,25
2025-09-30,ST003,PRD014,40,30
2025-09-30,ST003,PRD015,5,25
2025-09-30,ST003,PRD016,88,25
2025-09-30,ST003,PRD017,76,15
2025-09-30,ST003,PRD018,128,30
2025-09-30,ST003,PRD019,163,10
2025-09-30,ST003,PRD020,55,10
2025-09-30,ST003,PRD021,129,20
2025-09-30,ST003,PRD022,72,25
2025-09-30,ST003,PRD023,143,30
2025-09-30,ST003,PRD024,2,15
2025-09-30,ST004,PRD001,178,25
2025-09-30,ST004,PRD002,95,25
2025-09-30,ST004,PRD003,91,10
2025-09-30,ST004,PRD004,12,15
2025-09-30,ST004,PRD005,63,15
2025-09-30,ST004,PRD006,110,30
2025-09-30,ST004,PRD008,162,20
2025-09-30,ST004,PRD009,40,10
2025-09-30,ST004,PRD011,38,25
2025-09-30,ST004,PRD012,116,10
2025-09-30,ST004,PRD013,48,25
2025-09-30,ST004,PRD015,112,30
2025-09-30,ST004,PRD016,177,15
2025-09-30,ST004,PRD017,91,20
2025-09-30,ST004,PRD018,123,15
2025-09-30,ST004,PRD019,85,20
2025-09-30,ST004,PRD020,109,25
2025-09-30,ST004,PRD021,0,20
2025-09-30,ST004,PRD022,180,10
2025-09-30,ST004,PRD023,45,30
2025-09-30,ST004,PRD025,174,30
2025-09-30,ST005,PRD001,153,15
2025-09-30,ST005,PRD002,63,15
2025-09-30,ST005,PRD003,122,30
2025-09-30,ST005,PRD004,138,10
2025-09-30,ST005,PRD005,12,10
2025-09-30,ST005,PRD006,33,20
2025-09-30,ST005,PRD008,57,20
2025-09-30,ST005,PRD009,34,10
2025-09-30,ST005,PRD011,36,15
2025-09-30,ST005,PRD012,144,20
2025-09-30,ST005,PRD013,75,30
2025-09-30,ST005,PRD014,46,25
2025-09-30,ST005,PRD015,106,10
2025-09-30,ST005,PRD016,129,30
2025-09-30,ST005,PRD017,5,30
2025-09-30,ST005,PRD018,36,30
2025-09-30,ST005,PRD019,101,10
2025-09-30,ST005,PRD020,40,25
2025-09-30,ST005,PRD021,175,15
2025-09-30,ST005,PRD022,117,15
2025-09-30,ST005,PRD023,146,25
2025-09-30,ST005,PRD024,119,30
2025-09-30,ST006,PRD002,16,30
2025-09-30,ST006,PRD003,41,25
2025-09-30,ST006,PRD004,33,25
2025-09-30,ST006,PRD006,161,10
2025-09-30,ST006,PRD007,3,10
2025-09-30,ST006,PRD008,129,25
2025-09-30,ST006,PRD009,125,25
2025-09-30,ST006,PRD010,100,25
2025-09-30,ST006,PRD011,21,30
2025-09-30,ST006,PRD012,169,25
2025-09-30,ST006,PRD013,58,10
2025-09-30,ST006,PRD014,90,25
2025-09-30,ST006,PRD015,145,20
2025-09-30,ST006,PRD016,90,20
2025-09-30,ST006,PRD017,67,25
2025-09-30,ST006,PRD018,43,20
2025-09-30,ST006,PRD019,86,30
2025-09-30,ST006,PRD020,67,15
2025-09-30,ST006,PRD021,125,10
2025-09-30,ST006,PRD022,37,15
2025-09-30,ST006,PRD023,141,25
2025-09-30,ST006,PRD024,52,10
2025-09-30,ST006,PRD025,9,30
2025-09-30,ST007,PRD001,87,15
2025-09-30,ST007,PRD002,125,30
2025-09-30,ST007,PRD003,84,10
2025-09-30,ST007,PRD004,96,25
2025-09-30,ST007,PRD005,6,20
2025-09-30,ST007,PRD006,7,30
2025-09-30,ST007,PRD007,30,30
2025-09-30,ST007,PRD008,167,15
2025-09-30,ST007,PRD009,130,20
2025-09-30,ST007,PRD010,14,15
2025-09-30,ST007,PRD011,20,10
2025-09-30,ST007,PRD012,87,10
2025-09-30,ST007,PRD013,120,15
2025-09-30,ST007,PRD017,107,10
2025-09-30,ST007,PRD018,3,25
2025-09-30,ST007,PRD019,171,10
2025-09-30,ST007,PRD020,25,20
2025-09-30,ST007,PRD021,128,10
2025-09-30,ST007,PRD022,93,20
2025-09-30,ST007,PRD023,30,20
2025-09-30,ST007,PRD024,174,25
2025-09-30,ST007,PRD025,14,25
2025-12-31,ST001,PRD001,149,25
2025-12-31,ST001,PRD002,38,25
2025-12-31,ST001,PRD003,17,25
2025-12-31,ST001,PRD004,111,20
2025-12-31,ST001,PRD005,92,10
2025-12-31,ST001,PRD006,129,15
2025-12-31,ST001,PRD007,64,10
2025-12-31,ST001,PRD008,67,30
2025-12-31,ST001,PRD009,35,15
2025-12-31,ST001,PRD010,60,15
2025-12-31,ST001,PRD011,5,25
2025-12-31,ST001,PRD012,158,20
2025-12-31,ST001,PRD014,59,25
2025-12-31,ST001,PRD015,86,15
2025-12-31,ST001,PRD016,167,15
2025-12-31,ST001,PRD017,82,15
2025-12-31,ST001,PRD018,32,30
2025-12-31,ST001,PRD019,75,25
2025-12-31,ST001,PRD020,161,30
2025-12-31,ST001,PRD021,93,30
2025-12-31,ST001,PRD023,117,15
2025-12-31,ST001,PRD024,156,10
2025-12-31,ST001,PRD025,35,30
2025-12-31,ST002,PRD001,114,15
2025-12-31,ST002,PRD002,161,30
2025-12-31,ST002,PRD003,16,15
2025-12-31,ST002,PRD004,154,15
2025-12-31,ST002,PRD005,142,20
2025-12-31,ST002,PRD006,50,15
2025-12-31,ST002,PRD007,28,20
2025-12-31,ST002,PRD008,76,10
2025-12-31,ST002,PRD009,47,25
2025-12-31,ST002,PRD010,137,30
2025-12-31,ST002,PRD012,147,20
2025-12-31,ST002,PRD013,113,15
2025-12-31,ST002,PRD016,179,30
2025-12-31,ST002,PRD017,93,15
2025-12-31,ST002,PRD018,94,25
2025-12-31,ST002,PRD019,22,15
2025-12-31,ST002,PRD020,91,15
2025-12-31,ST002,PRD021,105,25
2025-12-31,ST002,PRD022,167,15
2025-12-31,ST002,PRD023,98,15
2025-12-31,ST002,PRD024,57,15
2025-12-31,ST002,PRD025,154,30
2025-12-31,ST003,PRD002,180,25
2025-12-31,ST003,PRD003,70,30
2025-12-31,ST003,PRD004,155,20
2025-12-31,ST003,PRD005,110,15
2025-12-31,ST003,PRD006,114,15
2025-12-31,ST003,PRD007,89,10
2025-12-31,ST003,PRD008,162,15
2025-12-31,ST003,PRD009,93,25
2025-12-31,ST003,PRD010,173,10
2025-12-31,ST003,PRD013,2,20
2025-12-31,ST003,PRD016,74,30
2025-12-31,ST003,PRD017,159,25
2025-12-31,ST003,PRD018,170,30
2025-12-31,ST003,PRD019,40,15
2025-12-31,ST003,PRD020,33,25
2025-12-31,ST003,PRD021,166,25
2025-12-31,ST003,PRD022,43,30
2025-12-31,ST003,PRD023,51,30
2025-12-31,ST003,PRD024,108,25
2025-12-31,ST003,PRD025,78,15
2025-12-31,ST004,PRD001,178,15
2025-12-31,ST004,PRD003,42,25
2025-12-31,ST004,PRD004,80,15
2025-12-31,ST004,PRD006,82,15
2025-12-31,ST004,PRD007,133,15
2025-12-31,ST004,PRD009,55,25
2025-12-31,ST004,PRD010,168,20
2025-12-31,ST004,PRD011,149,25
2025-12-31,ST004,PRD012,7,25
2025-12-31,ST004,PRD013,169,20
2025-12-31,ST004,PRD015,94,20
2025-12-31,ST004,PRD016,46,15
2025-12-31,ST004,PRD017,22,10
2025-12-31,ST004,PRD018,89,10
2025-12-31,ST004,PRD020,8,25
2025-12-31,ST004,PRD021,134,25
2025-12-31,ST004,PRD022,178,15
2025-12-31,ST004,PRD024,100,25
2025-12-31,ST004,PRD025,15,30
2025-12-31,ST005,PRD001,103,30
2025-12-31,ST005,PRD002,32,10
2025-12-31,ST005,PRD003,140,10
2025-12-31,ST005,PRD004,50,10
2025-12-31,ST005,PRD005,168,10
2025-12-31,ST005,PRD006,48,25
2025-12-31,ST005,PRD007,12,10
2025-12-31,ST005,PRD008,118,30
2025-12-31,ST005,PRD009,99,20
2025-12-31,ST005,PRD010,165,10
2025-12-31,ST005,PRD011,11,25
2025-12-31,ST005,PRD013,127,20
2025-12-31,ST005,PRD014,17,15
2025-12-31,ST005,PRD015,145,10
2025-12-31,ST005,PRD016,44,15
2025-12-31,ST005,PRD017,136,30
2025-12-31,ST005,PRD018,141,25
2025-12-31,ST005,PRD019,60,20
2025-12-31,ST005,PRD020,36,20
2025-12-31,ST005,PRD021,167,15
2025-12-31,ST005,PRD022,168,15
2025-12-31,ST005,PRD023,157,10
2025-12-31,ST005,PRD024,96,20
2025-12-31,ST005,PRD025,18,25
2025-12-31,ST006,PRD001,8,10
2025-12-31,ST006,PRD002,44,20
2025-12-31,ST006,PRD003,5,25
2025-12-31,ST006,PRD004,54,15
2025-12-31,ST006,PRD005,60,10
2025-12-31,ST006,PRD007,59,25
2025-12-31,ST006,PRD008,106,15
2025-12-31,ST006,PRD009,171,20
2025-12-31,ST006,PRD012,2,30
2025-12-31,ST006,PRD013,127,20
2025-12-31,ST006,PRD014,146,10
2025-12-31,ST006,PRD015,83,10
2025-12-31,ST006,PRD016,19,15
2025-12-31,ST006,PRD017,155,30
2025-12-31,ST006,PRD018,68,25
2025-12-31,ST006,PRD019,31,25
2025-12-31,ST006,PRD020,4,10
2025-12-31,ST006,PRD022,118,10
2025-12-31,ST006,PRD023,67,15
2025-12-31,ST006,PRD024,19,15
2025-12-31,ST006,PRD025,32,25
2025-12-31,ST007,PRD001,22,20
2025-12-31,ST007,PRD002,72,20
2025-12-31,ST007,PRD003,99,10
2025-12-31,ST007,PRD004,76,20
2025-12-31,ST007,PRD005,47,30
2025-12-31,ST007,PRD006,95,10
2025-12-31,ST007,PRD007,98,25
2025-12-31,ST007,PRD008,88,30
2025-12-31,ST007,PRD009,34,10
2025-12-31,ST007,PRD010,50,20
2025-12-31,ST007,PRD011,126,15
2025-12-31,ST007,PRD012,14,25
2025-12-31,ST007,PRD013,90,25
2025-12-31,ST007,PRD014,165,25
2025-12-31,ST007,PRD015,109,30
2025-12-31,ST007,PRD016,90,30
2025-12-31,ST007,PRD018,141,20
2025-12-31,ST007,PRD019,20,10
2025-12-31,ST007,PRD020,90,30
2025-12-31,ST007,PRD021,118,15
2025-12-31,ST007,PRD022,116,15
2025-12-31,ST007,PRD023,80,25
2025-12-31,ST007,PRD024,116,10
2025-12-31,ST007,PRD025,168,10
