order_item_id,order_id,product_id,quantity,unit_price,discount_pct
OI000001,O00001,PRD024,2,13.9,0
OI000002,O00001,PRD006,1,42.9,0
OI000003,O00001,PRD024,4,13.9,0
OI000004,O00001,PRD020,4,59.9,0
OI000005,O00001,PRD016,4,11.9,0
OI000006,O00002,PRD003,3,29.9,0
OI000007,O00003,PRD021,4,89.9,12
OI000008,O00004,PRD008,3,49.9,0
OI000009,O00004,PRD016,2,11.9,0
OI000010,O00004,PRD023,2,29.9,0
OI000011,O00005,PRD014,2,0,0
OI000012,O00005,PRD013,4,16.9,0
OI000013,O00005,PRD015,1,54.9,0
OI000014,O00005,PRD009,4,19.9,0
OI000015,O00006,PRD007,2,17.9,10
OI000016,O00006,PRD009,3,19.9,10
OI000017,O00006,PRD003,1,29.9,10
OI000018,O00006,PRD011,3,49.9,10
OI000019,O00007,PRD003,4,29.9,5
OI000020,O00008,PRD019,1,10.9,0
OI000021,O00009,PRD001,2,119.9,0
OI000022,O00009,PRD010,3,27.9,0
OI000023,O00009,PRD019,,10.9,0
OI000024,O00009,PRD010,3,27.9,0
OI000025,O00010,PRD008,1,49.9,0
OI000026,O00010,PRD002,3,109.9,0
OI000027,O00011,PRD022,3,31.9,0
OI000028,O00012,PRD010,4,27.9,0
OI000029,O00012,PRD006,4,42.9,0
OI000030,O00013,PRD022,4,31.9,0
OI000031,O00013,PRD023,2,29.9,0
OI000032,O00013,PRD011,2,49.9,0
OI000033,O00013,PRD021,1,89.9,0
OI000034,O00013,PRD020,1,59.9,15
OI000035,O00014,PRD005,2,32.5,25
OI000036,O00014,PRD023,2,29.9,25
OI000037,O00014,PRD003,2,29.9,25
OI000038,O00014,PRD011,2,49.9,25
OI000039,O00014,PRD006,3,42.9,25
OI000040,O00015,PRD007,4,17.9,15
OI000041,O00016,PRD002,1,109.9,0
OI000042,O00017,PRD016,4,11.9,12
OI000043,O00017,PRD022,3,31.9,12
OI000044,O00017,PRD002,3,109.9,12
OI000045,O00017,PRD018,3,26.9,12
OI000046,O00018,PRD999,4,26.9,0
OI000047,O00018,PRD004,2,34.9,0
OI000048,O00018,PRD024,4,13.9,0
OI000049,O00018,PRD021,4,89.9,0
OI000050,O00019,PRD016,1,11.9,0
OI000051,O00019,PRD024,3,13.9,0
OI000052,O00019,PRD024,4,13.9,0
OI000053,O00020,PRD020,1,59.9,0
OI000054,O00020,PRD013,2,16.9,0
OI000055,O00020,PRD013,3,16.9,0
OI000056,O00020,PRD007,3,17.9,0
OI000057,O00020,PRD005,2,32.5,0
OI000058,O00021,PRD005,2,32.5,0
OI000059,O00022,PRD002,1,109.9,0
OI000060,O00022,PRD010,2,27.9,0
OI000061,O00022,PRD016,3,11.9,0
OI000062,O00023,PRD006,1,42.9,15
OI000063,O00023,PRD009,4,19.9,0
OI000064,O00023,PRD021,3,89.9,0
OI000065,O00023,PRD001,4,119.9,0
OI000066,O00024,PRD020,4,59.9,0
OI000067,O00024,PRD024,3,13.9,0
OI000068,O00024,PRD009,4,19.9,0
OI000069,O00024,PRD009,1,19.9,0
OI000070,O00025,PRD010,3,27.9,0
OI000071,O00025,PRD006,3,42.9,0
OI000072,O00025,PRD021,1,89.9,0
OI000073,O00026,PRD016,3,11.9,0
OI000074,O00026,PRD023,2,29.9,0
OI000075,O00026,PRD023,4,29.9,0
OI000076,O00027,PRD024,4,13.9,0
OI000077,O00027,PRD019,1,10.9,0
OI000078,O00027,PRD013,3,16.9,5
OI000079,O00027,PRD017,3,15.9,0
OI000080,O00027,PRD011,1,49.9,0
OI000081,O00028,PRD006,3,42.9,12
OI000082,O00028,PRD023,2,29.9,12
OI000083,O00028,PRD003,1,29.9,12
OI000084,O00028,PRD019,3,10.9,12
OI000085,O00028,PRD012,3,24.9,12
OI000086,O00029,PRD014,2,14.9,0
OI000087,O00029,PRD006,3,42.9,0
OI000088,O00029,PRD017,2,15.9,0
OI000089,O00029,PRD013,1,16.9,0
OI000090,O00029,PRD003,3,29.9,0
OI000091,O00030,PRD003,3,29.9,0
OI000092,O00030,PRD019,4,10.9,0
OI000093,O00030,PRD005,2,32.5,0
OI000094,O00031,PRD003,2,29.9,0
OI000095,O00031,PRD023,3,29.9,0
OI000096,O00031,PRD006,1,42.9,0
OI000097,O00031,PRD022,3,31.9,0
OI000098,O00031,PRD022,1,31.9,0
OI000099,O00032,PRD022,2,31.9,0
OI000100,O00032,PRD012,4,24.9,0
OI000101,O00032,PRD001,4,119.9,10
OI000102,O00033,PRD015,1,54.9,0
OI000103,O00033,PRD019,2,10.9,5
OI000104,O00034,PRD008,4,49.9,0
OI000105,O00034,PRD011,2,49.9,0
OI000106,O00034,PRD020,2,59.9,0
OI000107,O00034,PRD011,3,49.9,0
OI000108,O00034,PRD001,4,119.9,0
OI000109,O00035,PRD008,2,49.9,0
OI000110,O00035,PRD007,2,17.9,0
OI000111,O00035,PRD011,3,49.9,0
OI000112,O00035,PRD010,3,27.9,0
OI000113,O00035,PRD011,4,49.9,0
OI000114,O00036,PRD010,1,27.9,0
OI000115,O00036,PRD012,1,24.9,0
OI000116,O00036,PRD024,2,13.9,0
OI000117,O00037,PRD004,4,34.9,0
OI000118,O00038,PRD012,4,24.9,0
OI000119,O00039,PRD020,4,59.9,0
OI000120,O00039,PRD018,4,26.9,0
OI000121,O00039,PRD012,3,24.9,15
OI000122,O00039,PRD013,3,16.9,0
OI000123,O00040,PRD023,1,29.9,0
OI000124,O00040,PRD009,4,19.9,0
OI000125,O00040,PRD014,4,14.9,0
OI000126,O00041,PRD022,4,31.9,0
OI000127,O00041,PRD022,3,31.9,0
OI000128,O00041,PRD020,3,59.9,0
OI000129,O00041,PRD007,2,17.9,0
OI000130,O00041,PRD018,1,26.9,0
OI000131,O00042,PRD001,3,119.9,0
OI000132,O00042,PRD023,2,29.9,0
OI000133,O00043,PRD005,4,32.5,0
OI000134,O00043,PRD001,4,119.9,0
OI000135,O00044,PRD020,3,59.9,0
OI000136,O00044,PRD012,2,24.9,15
OI000137,O00045,PRD008,2,49.9,25
OI000138,O00045,PRD004,2,34.9,25
OI000139,O00045,PRD005,3,32.5,25
OI000140,O00045,PRD017,4,15.9,25
OI000141,O00045,PRD018,3,26.9,25
OI000142,O00046,PRD007,4,17.9,0
OI000143,O00046,PRD005,2,32.5,0
OI000144,O00047,PRD008,1,49.9,25
OI000145,O00047,PRD007,2,17.9,25
OI000146,O00048,PRD022,4,31.9,15
OI000147,O00048,PRD008,1,49.9,15
OI000148,O00049,PRD018,3,26.9,0
OI000149,O00049,PRD002,4,109.9,0
OI000150,O00050,PRD024,3,13.9,0
OI000151,O00050,PRD010,1,27.9,0
OI000152,O00050,PRD019,3,10.9,0
OI000153,O00050,PRD024,4,13.9,0
OI000154,O00050,PRD002,3,109.9,0
OI000155,O00051,PRD003,3,29.9,15
OI000156,O00051,PRD010,4,27.9,15
OI000157,O00051,PRD017,3,15.9,15
OI000158,O00051,PRD015,3,54.9,15
OI000159,O00051,PRD001,4,119.9,15
OI000160,O00052,PRD022,4,31.9,0
OI000161,O00052,PRD010,2,27.9,0
OI000162,O00053,PRD005,1,32.5,0
OI000163,O00053,PRD014,4,14.9,0
OI000164,O00054,PRD016,4,11.9,15
OI000165,O00054,PRD004,4,34.9,0
OI000166,O00054,PRD018,3,26.9,0
OI000167,O00054,PRD012,2,24.9,0
OI000168,O00054,PRD014,3,14.9,0
OI000169,O00055,PRD014,2,14.9,15
OI000170,O00055,PRD012,3,24.9,0
OI000171,O00055,PRD021,3,89.9,0
OI000172,O00055,PRD009,2,19.9,0
OI000173,O00055,PRD024,3,13.9,0
OI000174,O00056,PRD002,3,109.9,0
OI000175,O00056,PRD005,1,32.5,5
OI000176,O00056,PRD016,3,11.9,0
OI000177,O00056,PRD008,2,49.9,0
OI000178,O00057,PRD020,4,59.9,0
OI000179,O00057,PRD009,2,19.9,0
OI000180,O00057,PRD009,2,19.9,0
OI000181,O00058,PRD012,1,24.9,0
OI000182,O00058,PRD010,2,27.9,0
OI000183,O00058,PRD013,2,16.9,0
OI000184,O00058,PRD022,3,31.9,0
OI000185,O00058,PRD021,3,89.9,15
OI000186,O00059,PRD008,3,49.9,0
OI000187,O00060,PRD006,4,42.9,0
OI000188,O00060,PRD007,2,17.9,0
OI000189,O00061,PRD023,1,29.9,25
OI000190,O00062,PRD018,1,26.9,5
OI000191,O00062,PRD008,2,49.9,5
OI000192,O00062,PRD017,2,15.9,0
OI000193,O00063,PRD014,3,14.9,0
OI000194,O00063,PRD022,1,31.9,0
OI000195,O00064,PRD021,3,89.9,12
OI000196,O00064,PRD001,4,119.9,12
OI000197,O00065,PRD004,2,34.9,12
OI000198,O00065,PRD013,3,16.9,12
OI000199,O00065,PRD023,4,29.9,12
OI000200,O00066,PRD002,1,109.9,0
OI000201,O00067,PRD003,1,29.9,0
OI000202,O00067,PRD014,3,14.9,0
OI000203,O00067,PRD002,3,109.9,0
OI000204,O00068,PRD017,3,15.9,0
OI000205,O00068,PRD014,3,14.9,0
OI000206,O00068,PRD004,2,34.9,0
OI000207,O00068,PRD002,1,109.9,0
OI000208,O00069,PRD007,4,17.9,0
OI000209,O00070,PRD016,3,11.9,0
OI000210,O00070,PRD023,1,29.9,0
OI000211,O00071,PRD019,1,10.9,0
OI000212,O00071,PRD016,1,11.9,0
OI000213,O00072,PRD021,1,89.9,0
OI000214,O00072,PRD008,1,49.9,0
OI000215,O00072,PRD010,4,27.9,0
OI000216,O00072,PRD019,4,10.9,0
OI000217,O00073,PRD003,2,29.9,0
OI000218,O00073,PRD007,1,17.9,0
OI000219,O00073,PRD019,4,10.9,0
OI000220,O00073,PRD020,2,59.9,0
OI000221,O00074,PRD006,4,42.9,0
OI000222,O00074,PRD021,3,89.9,0
OI000223,O00074,PRD012,2,24.9,0
OI000224,O00075,PRD016,1,11.9,0
OI000225,O00075,PRD015,1,54.9,0
OI000226,O00075,PRD013,4,16.9,0
OI000227,O00075,PRD017,4,15.9,0
OI000228,O00075,PRD007,3,17.9,0
OI000229,O00076,PRD009,4,19.9,0
OI000230,O00076,PRD012,1,24.9,0
OI000231,O00076,PRD020,3,59.9,0
OI000232,O00076,PRD002,4,109.9,0
OI000233,O00076,PRD007,1,17.9,0
OI000234,O00077,PRD019,3,10.9,0
OI000235,O00077,PRD024,1,13.9,0
OI000236,O00078,PRD001,2,119.9,0
OI000237,O00079,PRD024,2,13.9,0
OI000238,O00079,PRD001,2,119.9,0
OI000239,O00079,PRD022,3,31.9,0
OI000240,O00079,PRD002,4,109.9,10
OI000241,O00080,PRD006,3,42.9,0
OI000242,O00080,PRD011,4,49.9,0
OI000243,O00080,PRD017,3,15.9,0
OI000244,O00080,PRD007,1,17.9,0
OI000245,O00080,PRD006,2,42.9,5
OI000246,O00081,PRD024,3,13.9,5
OI000247,O00081,PRD018,1,26.9,0
OI000248,O00081,PRD006,4,42.9,0
OI000249,O00081,PRD006,1,42.9,0
OI000250,O00081,PRD016,2,11.9,10
OI000251,O00082,PRD019,2,10.9,0
OI000252,O00082,PRD011,2,49.9,0
OI000253,O00082,PRD021,3,89.9,0
OI000254,O00083,PRD012,3,24.9,0
OI000255,O00083,PRD021,3,89.9,0
OI000256,O00083,PRD017,1,15.9,0
OI000257,O00084,PRD011,3,49.9,0
OI000258,O00084,PRD022,1,31.9,0
OI000259,O00084,PRD023,1,29.9,0
OI000260,O00085,PRD020,3,59.9,0
OI000261,O00086,PRD006,4,42.9,0
OI000262,O00086,PRD013,1,16.9,0
OI000263,O00087,PRD002,4,109.9,0
OI000264,O00088,PRD004,4,34.9,0
OI000265,O00088,PRD009,4,19.9,5
OI000266,O00088,PRD008,1,49.9,0
OI000267,O00089,PRD015,2,54.9,0
OI000268,O00089,PRD021,3,89.9,0
OI000269,O00090,PRD007,2,17.9,15
OI000270,O00090,PRD016,1,11.9,15
OI000271,O00090,PRD023,1,29.9,15
OI000272,O00090,PRD009,2,19.9,15
OI000273,O00090,PRD008,4,49.9,15
OI000274,O00091,PRD002,2,109.9,0
OI000275,O00091,PRD020,3,59.9,0
OI000276,O00092,PRD012,2,24.9,0
OI000277,O00092,PRD016,2,11.9,0
OI000278,O00092,PRD004,3,34.9,0
OI000279,O00092,PRD015,4,54.9,0
OI000280,O00092,PRD016,1,11.9,10
OI000281,O00093,PRD008,1,49.9,0
OI000282,O00093,PRD005,4,32.5,0
OI000283,O00093,PRD011,2,49.9,0
OI000284,O00093,PRD003,2,29.9,0
OI000285,O00094,PRD014,4,14.9,0
OI000286,O00094,PRD017,4,15.9,0
OI000287,O00095,PRD012,2,24.9,0
OI000288,O00095,PRD019,4,10.9,0
OI000289,O00095,PRD001,2,119.9,0
OI000290,O00096,PRD009,3,19.9,0
OI000291,O00097,PRD016,3,11.9,15
OI000292,O00097,PRD003,4,29.9,0
OI000293,O00097,PRD011,3,49.9,0
OI000294,O00097,PRD006,3,42.9,10
OI000295,O00098,PRD016,2,11.9,10
OI000296,O00098,PRD001,1,119.9,10
OI000297,O00098,PRD022,1,31.9,10
OI000298,O00099,PRD012,3,24.9,0
OI000299,O00099,PRD010,2,27.9,0
OI000300,O00099,PRD017,2,15.9,0
OI000301,O00100,PRD018,1,26.9,0
OI000302,O00101,PRD023,1,29.9,0
OI000303,O00101,PRD001,2,119.9,10
OI000304,O00101,PRD006,4,42.9,0
OI000305,O00101,PRD017,1,15.9,0
OI000306,O00101,PRD016,2,11.9,0
OI000307,O00102,PRD015,3,54.9,0
OI000308,O00103,PRD016,1,11.9,0
OI000309,O00103,PRD006,1,42.9,0
OI000310,O00103,PRD024,3,13.9,0
OI000311,O00103,PRD001,1,119.9,0
OI000312,O00104,PRD002,3,109.9,0
OI000313,O00105,PRD005,4,32.5,0
OI000314,O00105,PRD020,2,59.9,0
OI000315,O00105,PRD015,4,54.9,0
OI000316,O00105,PRD010,3,27.9,0
OI000317,O00106,PRD021,3,89.9,0
OI000318,O00106,PRD010,4,27.9,5
OI000319,O00107,PRD016,3,11.9,0
OI000320,O00107,PRD001,3,119.9,15
OI000321,O00108,PRD004,1,34.9,15
OI000322,O00108,PRD011,4,49.9,5
OI000323,O00109,PRD001,4,119.9,0
OI000324,O00109,PRD019,2,10.9,0
OI000325,O00109,PRD006,2,42.9,15
OI000326,O00109,PRD010,4,27.9,0
OI000327,O00109,PRD024,3,13.9,0
OI000328,O00110,PRD022,4,31.9,0
OI000329,O00110,PRD021,4,89.9,0
OI000330,O00111,PRD009,1,19.9,0
OI000331,O00111,PRD016,3,11.9,0
OI000332,O00111,PRD006,1,42.9,0
OI000333,O00112,PRD022,3,31.9,0
OI000334,O00112,PRD010,1,27.9,0
OI000335,O00112,PRD020,3,59.9,0
OI000336,O00112,PRD008,4,49.9,0
OI000337,O00112,PRD016,2,11.9,0
OI000338,O00113,PRD015,1,54.9,0
OI000339,O00113,PRD020,3,59.9,0
OI000340,O00113,PRD022,1,31.9,0
OI000341,O00114,PRD018,3,26.9,0
OI000342,O00114,PRD011,1,49.9,0
OI000343,O00114,PRD024,1,13.9,0
OI000344,O00115,PRD001,3,119.9,0
OI000345,O00116,PRD003,1,29.9,0
OI000346,O00117,PRD010,3,27.9,0
OI000347,O00117,PRD022,3,31.9,0
OI000348,O00117,PRD019,1,10.9,0
OI000349,O00118,PRD001,1,119.9,0
OI000350,O00118,PRD014,1,14.9,0
OI000351,O00118,PRD008,2,49.9,0
OI000352,O00118,PRD007,3,17.9,0
OI000353,O00119,PRD021,1,89.9,0
OI000354,O00119,PRD011,3,49.9,0
OI000355,O00119,PRD002,4,109.9,0
OI000356,O00120,PRD024,1,13.9,0
OI000357,O00120,PRD012,2,24.9,0
OI000358,O00120,PRD004,2,34.9,0
OI000359,O00120,PRD013,4,16.9,0
OI000360,O00121,PRD003,3,29.9,0
OI000361,O00121,PRD015,3,54.9,0
OI000362,O00121,PRD001,2,119.9,0
OI000363,O00121,PRD011,1,49.9,0
OI000364,O00121,PRD023,2,29.9,0
OI000365,O00122,PRD001,2,119.9,0
OI000366,O00122,PRD012,4,24.9,0
OI000367,O00122,PRD012,2,24.9,0
OI000368,O00122,PRD001,4,119.9,0
OI000369,O00122,PRD019,2,10.9,0
OI000370,O00123,PRD018,4,26.9,0
OI000371,O00123,PRD020,2,59.9,0
OI000372,O00123,PRD001,1,119.9,0
OI000373,O00123,PRD001,3,119.9,0
OI000374,O00124,PRD023,3,29.9,0
OI000375,O00125,PRD022,4,31.9,0
OI000376,O00125,PRD015,2,54.9,0
OI000377,O00125,PRD016,4,11.9,0
OI000378,O00125,PRD002,1,109.9,0
OI000379,O00125,PRD024,1,13.9,0
OI000380,O00126,PRD008,4,49.9,12
OI000381,O00126,PRD009,1,19.9,12
OI000382,O00126,PRD005,1,32.5,12
OI000383,O00126,PRD005,4,32.5,12
OI000384,O00127,PRD022,4,31.9,10
OI000385,O00127,PRD024,4,13.9,0
OI000386,O00128,PRD012,4,24.9,25
OI000387,O00128,PRD009,3,19.9,25
OI000388,O00129,PRD007,4,17.9,15
OI000389,O00129,PRD006,4,42.9,0
OI000390,O00129,PRD005,2,32.5,0
OI000391,O00129,PRD001,1,119.9,0
OI000392,O00130,PRD011,1,49.9,0
OI000393,O00130,PRD002,2,109.9,0
OI000394,O00130,PRD018,4,26.9,0
OI000395,O00131,PRD009,3,19.9,0
OI000396,O00131,PRD001,1,119.9,0
OI000397,O00131,PRD024,3,13.9,0
OI000398,O00131,PRD010,1,27.9,0
OI000399,O00132,PRD017,3,15.9,0
OI000400,O00132,PRD018,3,26.9,0
OI000401,O00133,PRD018,4,26.9,15
OI000402,O00134,PRD024,4,13.9,0
OI000403,O00134,PRD010,1,27.9,5
OI000404,O00135,PRD019,3,10.9,10
OI000405,O00136,PRD002,1,109.9,0
OI000406,O00136,PRD023,1,29.9,0
OI000407,O00136,PRD010,3,27.9,5
OI000408,O00137,PRD021,4,89.9,0
OI000409,O00137,PRD009,4,19.9,0
OI000410,O00137,PRD013,2,16.9,0
OI000411,O00137,PRD008,3,49.9,0
OI000412,O00137,PRD022,1,31.9,0
OI000413,O00138,PRD005,2,32.5,15
OI000414,O00139,PRD016,1,11.9,0
OI000415,O00139,PRD020,4,59.9,0
OI000416,O00139,PRD012,2,24.9,0
OI000417,O00140,PRD017,3,15.9,0
OI000418,O00141,PRD005,1,32.5,10
OI000419,O00141,PRD013,2,16.9,0
OI000420,O00142,PRD023,3,29.9,0
OI000421,O00142,PRD001,3,119.9,0
OI000422,O00142,PRD020,1,59.9,0
OI000423,O00142,PRD009,1,19.9,0
OI000424,O00143,PRD022,4,31.9,10
OI000425,O00144,PRD007,2,17.9,0
OI000426,O00144,PRD004,1,34.9,0
OI000427,O00144,PRD003,1,29.9,0
OI000428,O00144,PRD014,2,14.9,0
OI000429,O00144,PRD021,4,89.9,0
OI000430,O00145,PRD010,3,27.9,0
OI000431,O00145,PRD014,2,14.9,0
OI000432,O00145,PRD024,2,13.9,0
OI000433,O00145,PRD019,3,10.9,0
OI000434,O00145,PRD017,2,15.9,0
OI000435,O00146,PRD014,1,14.9,0
OI000436,O00146,PRD009,2,19.9,10
OI000437,O00146,PRD019,2,10.9,0
OI000438,O00147,PRD012,3,24.9,0
OI000439,O00147,PRD022,4,31.9,0
OI000440,O00147,PRD024,1,13.9,15
OI000441,O00148,PRD016,1,11.9,0
OI000442,O00149,PRD019,2,10.9,5
OI000443,O00149,PRD007,2,17.9,0
OI000444,O00150,PRD009,3,19.9,0
OI000445,O00151,PRD023,2,29.9,0
OI000446,O00152,PRD011,3,49.9,12
OI000447,O00152,PRD019,2,10.9,12
OI000448,O00152,PRD016,2,11.9,12
OI000449,O00153,PRD006,4,42.9,0
OI000450,O00153,PRD015,3,54.9,0
OI000451,O00153,PRD007,2,17.9,0
OI000452,O00153,PRD017,1,15.9,0
OI000453,O00153,PRD002,3,109.9,0
OI000454,O00154,PRD013,2,16.9,0
OI000455,O00154,PRD012,4,24.9,0
OI000456,O00155,PRD021,2,89.9,0
OI000457,O00155,PRD014,4,14.9,0
OI000458,O00155,PRD022,4,31.9,0
OI000459,O00156,PRD015,2,54.9,10
OI000460,O00156,PRD022,2,31.9,0
OI000461,O00156,PRD021,3,89.9,0
OI000462,O00156,PRD019,4,10.9,0
OI000463,O00156,PRD014,4,14.9,0
OI000464,O00157,PRD012,2,24.9,0
OI000465,O00158,PRD018,3,26.9,0
OI000466,O00158,PRD014,3,14.9,0
OI000467,O00158,PRD018,2,26.9,0
OI000468,O00158,PRD024,3,13.9,0
OI000469,O00158,PRD013,1,16.9,0
OI000470,O00159,PRD006,4,42.9,0
OI000471,O00159,PRD002,3,109.9,0
OI000472,O00160,PRD019,4,10.9,0
OI000473,O00160,PRD009,2,19.9,0
OI000474,O00160,PRD017,2,15.9,0
OI000475,O00160,PRD009,3,19.9,0
OI000476,O00161,PRD001,4,119.9,0
OI000477,O00161,PRD012,1,24.9,0
OI000478,O00161,PRD013,1,16.9,0
OI000479,O00162,PRD003,1,29.9,0
OI000480,O00162,PRD004,2,34.9,0
OI000481,O00162,PRD009,1,19.9,0
OI000482,O00162,PRD003,3,29.9,0
OI000483,O00162,PRD003,2,29.9,0
OI000484,O00163,PRD001,3,119.9,0
OI000485,O00163,PRD020,4,59.9,0
OI000486,O00163,PRD006,2,42.9,0
OI000487,O00163,PRD015,1,54.9,0
OI000488,O00164,PRD020,4,59.9,0
OI000489,O00164,PRD019,3,10.9,0
OI000490,O00164,PRD012,2,24.9,0
OI000491,O00165,PRD010,1,27.9,15
OI000492,O00165,PRD013,4,16.9,0
OI000493,O00165,PRD005,4,32.5,0
OI000494,O00165,PRD018,1,26.9,0
OI000495,O00166,PRD002,4,109.9,10
OI000496,O00166,PRD019,2,10.9,10
OI000497,O00166,PRD009,2,19.9,10
OI000498,O00167,PRD018,3,26.9,0
OI000499,O00167,PRD018,3,26.9,0
OI000500,O00167,PRD020,2,59.9,0
OI000501,O00167,PRD020,2,59.9,0
OI000502,O00168,PRD004,1,34.9,0
OI000503,O00168,PRD018,1,26.9,0
OI000504,O00169,PRD004,3,34.9,0
OI000505,O00169,PRD012,4,24.9,15
OI000506,O00169,PRD003,3,29.9,0
OI000507,O00169,PRD024,3,13.9,0
OI000508,O00169,PRD012,1,24.9,0
OI000509,O00170,PRD013,4,16.9,0
OI000510,O00170,PRD021,1,89.9,0
OI000511,O00171,PRD006,2,42.9,0
OI000512,O00172,PRD009,2,19.9,0
OI000513,O00172,PRD021,3,89.9,10
OI000514,O00172,PRD008,3,49.9,0
OI000515,O00172,PRD001,4,119.9,0
OI000516,O00173,PRD002,1,109.9,0
OI000517,O00173,PRD022,4,31.9,0
OI000518,O00173,PRD008,3,49.9,0
OI000519,O00174,PRD019,1,10.9,12
OI000520,O00174,PRD003,4,29.9,12
OI000521,O00175,PRD024,2,13.9,0
OI000522,O00175,PRD019,3,10.9,10
OI000523,O00176,PRD021,2,89.9,0
OI000524,O00176,PRD023,4,29.9,0
OI000525,O00176,PRD009,4,19.9,0
OI000526,O00176,PRD019,3,10.9,0
OI000527,O00176,PRD014,1,14.9,0
OI000528,O00177,PRD021,1,89.9,0
OI000529,O00178,PRD023,3,29.9,0
OI000530,O00178,PRD015,4,54.9,5
OI000531,O00178,PRD021,1,89.9,0
OI000532,O00178,PRD017,4,15.9,0
OI000533,O00178,PRD014,3,14.9,0
OI000534,O00179,PRD019,4,10.9,0
OI000535,O00179,PRD004,4,34.9,0
OI000536,O00179,PRD009,1,19.9,0
OI000537,O00179,PRD001,4,119.9,15
OI000538,O00180,PRD005,2,32.5,0
OI000539,O00181,PRD002,3,109.9,0
OI000540,O00182,PRD020,1,59.9,0
OI000541,O00182,PRD013,2,16.9,0
OI000542,O00183,PRD007,1,17.9,0
OI000543,O00184,PRD012,3,24.9,0
OI000544,O00184,PRD015,2,54.9,15
OI000545,O00184,PRD013,4,16.9,0
OI000546,O00184,PRD020,3,59.9,0
OI000547,O00184,PRD005,2,32.5,0
OI000548,O00185,PRD004,1,34.9,0
OI000549,O00185,PRD006,1,42.9,0
OI000550,O00185,PRD009,2,19.9,0
OI000551,O00185,PRD013,4,16.9,0
OI000552,O00185,PRD008,1,49.9,0
OI000553,O00186,PRD017,4,15.9,12
OI000554,O00186,PRD004,3,34.9,12
OI000555,O00186,PRD009,4,19.9,12
OI000556,O00186,PRD020,1,59.9,12
OI000557,O00187,PRD008,1,49.9,0
OI000558,O00187,PRD019,3,10.9,0
OI000559,O00187,PRD018,2,26.9,0
OI000560,O00187,PRD018,1,26.9,0
OI000561,O00187,PRD003,1,29.9,0
OI000562,O00188,PRD007,3,17.9,0
OI000563,O00188,PRD023,2,29.9,0
OI000564,O00189,PRD003,2,29.9,15
OI000565,O00190,PRD010,4,27.9,0
OI000566,O00190,PRD023,3,29.9,0
OI000567,O00191,PRD022,4,31.9,0
OI000568,O00191,PRD008,3,49.9,0
OI000569,O00191,PRD016,2,11.9,0
OI000570,O00192,PRD020,3,59.9,0
OI000571,O00192,PRD001,4,119.9,0
OI000572,O00192,PRD008,2,49.9,0
OI000573,O00192,PRD011,3,49.9,0
OI000574,O00193,PRD002,3,109.9,0
OI000575,O00193,PRD018,3,26.9,0
OI000576,O00193,PRD006,2,42.9,0
OI000577,O00193,PRD019,3,10.9,5
OI000578,O00194,PRD008,3,49.9,0
OI000579,O00194,PRD004,1,34.9,15
OI000580,O00194,PRD010,4,27.9,0
OI000581,O00194,PRD011,4,49.9,0
OI000582,O00195,PRD001,2,119.9,0
OI000583,O00195,PRD014,1,14.9,10
OI000584,O00195,PRD014,2,14.9,0
OI000585,O00195,PRD021,2,89.9,0
OI000586,O00195,PRD001,4,119.9,0
OI000587,O00196,PRD007,1,17.9,0
OI000588,O00196,PRD001,3,119.9,0
OI000589,O00196,PRD007,1,17.9,0
OI000590,O00196,PRD005,1,32.5,15
OI000591,O00196,PRD015,1,54.9,0
OI000592,O00197,PRD015,4,54.9,0
OI000593,O00197,PRD005,4,32.5,0
OI000594,O00197,PRD021,4,89.9,0
OI000595,O00198,PRD020,4,59.9,0
OI000596,O00199,PRD014,1,14.9,0
OI000597,O00199,PRD014,2,14.9,15
OI000598,O00200,PRD004,3,34.9,0
OI000599,O00201,PRD018,4,26.9,25
OI000600,O00201,PRD022,3,31.9,25
OI000601,O00201,PRD021,3,89.9,25
OI000602,O00201,PRD010,4,27.9,25
OI000603,O00202,PRD001,1,119.9,0
OI000604,O00202,PRD009,3,19.9,0
OI000605,O00203,PRD003,2,29.9,0
OI000606,O00203,PRD013,3,16.9,0
OI000607,O00203,PRD001,1,119.9,0
OI000608,O00203,PRD011,1,49.9,0
OI000609,O00203,PRD015,2,54.9,0
OI000610,O00204,PRD013,2,16.9,0
OI000611,O00204,PRD004,1,34.9,0
OI000612,O00204,PRD008,1,49.9,0
OI000613,O00205,PRD005,4,32.5,0
OI000614,O00205,PRD001,3,119.9,0
OI000615,O00205,PRD014,1,14.9,0
OI000616,O00206,PRD018,3,26.9,0
OI000617,O00206,PRD002,1,109.9,0
OI000618,O00206,PRD011,3,49.9,0
OI000619,O00206,PRD011,1,49.9,0
OI000620,O00207,PRD002,3,109.9,0
OI000621,O00207,PRD022,4,31.9,0
OI000622,O00207,PRD009,4,19.9,15
OI000623,O00208,PRD015,3,54.9,0
OI000624,O00208,PRD017,1,15.9,5
OI000625,O00208,PRD011,4,49.9,0
OI000626,O00208,PRD019,4,10.9,0
OI000627,O00208,PRD016,2,11.9,0
OI000628,O00209,PRD015,3,54.9,15
OI000629,O00209,PRD005,3,32.5,0
OI000630,O00209,PRD017,4,15.9,0
OI000631,O00209,PRD013,3,16.9,0
OI000632,O00209,PRD018,1,26.9,0
OI000633,O00210,PRD010,3,27.9,0
OI000634,O00210,PRD002,3,109.9,0
OI000635,O00210,PRD006,1,42.9,0
OI000636,O00211,PRD007,4,17.9,0
OI000637,O00211,PRD021,2,89.9,5
OI000638,O00211,PRD019,2,10.9,0
OI000639,O00211,PRD014,1,14.9,0
OI000640,O00211,PRD023,3,29.9,0
OI000641,O00212,PRD013,1,16.9,0
OI000642,O00212,PRD024,2,13.9,0
OI000643,O00212,PRD017,2,15.9,0
OI000644,O00212,PRD003,1,29.9,0
OI000645,O00212,PRD020,4,59.9,0
OI000646,O00213,PRD012,1,24.9,0
OI000647,O00213,PRD006,2,42.9,0
OI000648,O00213,PRD006,2,42.9,0
OI000649,O00214,PRD012,4,24.9,15
OI000650,O00214,PRD008,1,49.9,0
OI000651,O00214,PRD004,2,34.9,0
OI000652,O00214,PRD003,3,29.9,0
OI000653,O00214,PRD002,3,109.9,0
OI000654,O00215,PRD003,4,29.9,0
OI000655,O00215,PRD005,1,32.5,0
OI000656,O00216,PRD012,3,24.9,0
OI000657,O00216,PRD001,4,119.9,0
OI000658,O00216,PRD005,3,32.5,0
OI000659,O00217,PRD007,2,17.9,0
OI000660,O00217,PRD018,4,26.9,15
OI000661,O00217,PRD023,3,29.9,15
OI000662,O00217,PRD002,1,109.9,0
OI000663,O00218,PRD004,4,34.9,0
OI000664,O00218,PRD020,3,59.9,0
OI000665,O00218,PRD024,1,13.9,0
OI000666,O00219,PRD013,4,16.9,5
OI000667,O00219,PRD006,2,42.9,10
OI000668,O00219,PRD009,3,19.9,0
OI000669,O00220,PRD003,1,29.9,0
OI000670,O00220,PRD011,3,49.9,15
OI000671,O00220,PRD024,4,13.9,0
OI000672,O00221,PRD004,1,34.9,0
OI000673,O00222,PRD022,1,31.9,12
OI000674,O00222,PRD021,2,89.9,12
OI000675,O00222,PRD001,1,119.9,12
OI000676,O00222,PRD002,3,109.9,12
OI000677,O00223,PRD005,4,32.5,0
OI000678,O00223,PRD010,2,27.9,0
OI000679,O00223,PRD021,1,89.9,0
OI000680,O00224,PRD008,1,49.9,0
OI000681,O00224,PRD023,4,29.9,0
OI000682,O00225,PRD019,2,10.9,0
OI000683,O00225,PRD020,3,59.9,0
OI000684,O00225,PRD024,1,13.9,0
OI000685,O00225,PRD002,4,109.9,0
OI000686,O00225,PRD011,2,49.9,0
OI000687,O00226,PRD021,3,89.9,5
OI000688,O00226,PRD011,3,49.9,0
OI000689,O00226,PRD021,1,89.9,0
OI000690,O00226,PRD019,1,10.9,0
OI000691,O00227,PRD021,4,89.9,0
OI000692,O00227,PRD022,3,31.9,0
OI000693,O00228,PRD022,1,31.9,15
OI000694,O00228,PRD015,1,54.9,0
OI000695,O00228,PRD011,3,49.9,0
OI000696,O00228,PRD014,4,14.9,0
OI000697,O00229,PRD023,3,29.9,0
OI000698,O00229,PRD006,1,42.9,0
OI000699,O00230,PRD013,3,16.9,10
OI000700,O00230,PRD018,1,26.9,0
OI000701,O00231,PRD014,2,14.9,0
OI000702,O00232,PRD022,3,31.9,0
OI000703,O00232,PRD020,2,59.9,0
OI000704,O00232,PRD004,2,34.9,0
OI000705,O00233,PRD002,3,109.9,0
OI000706,O00233,PRD018,4,26.9,0
OI000707,O00233,PRD002,4,109.9,0
OI000708,O00233,PRD006,1,42.9,0
OI000709,O00234,PRD005,1,32.5,10
OI000710,O00234,PRD004,1,34.9,10
OI000711,O00235,PRD006,3,42.9,12
OI000712,O00235,PRD002,1,109.9,12
OI000713,O00235,PRD023,2,29.9,12
OI000714,O00236,PRD011,1,49.9,0
OI000715,O00236,PRD021,2,89.9,0
OI000716,O00237,PRD024,1,13.9,0
OI000717,O00237,PRD011,3,49.9,0
OI000718,O00237,PRD017,1,15.9,0
OI000719,O00237,PRD002,3,109.9,0
OI000720,O00238,PRD012,4,24.9,0
OI000721,O00238,PRD018,4,26.9,0
OI000722,O00238,PRD007,1,17.9,0
OI000723,O00238,PRD004,4,34.9,0
OI000724,O00239,PRD001,4,119.9,0
OI000725,O00240,PRD007,2,17.9,0
OI000726,O00240,PRD015,1,54.9,0
OI000727,O00240,PRD011,2,49.9,0
OI000728,O00240,PRD004,1,34.9,0
OI000729,O00240,PRD016,2,11.9,0
OI000730,O00241,PRD023,4,29.9,0
OI000731,O00241,PRD005,3,32.5,0
OI000732,O00241,PRD010,4,27.9,0
OI000733,O00242,PRD018,3,26.9,0
OI000734,O00242,PRD013,1,16.9,0
OI000735,O00242,PRD004,2,34.9,0
OI000736,O00243,PRD002,3,109.9,0
OI000737,O00243,PRD002,2,109.9,0
OI000738,O00243,PRD008,2,49.9,0
OI000739,O00243,PRD009,4,19.9,0
OI000740,O00244,PRD001,1,119.9,0
OI000741,O00244,PRD019,1,10.9,0
OI000742,O00244,PRD005,1,32.5,0
OI000743,O00244,PRD021,3,89.9,0
OI000744,O00245,PRD013,2,16.9,0
OI000745,O00245,PRD015,3,54.9,0
OI000746,O00245,PRD016,3,11.9,0
OI000747,O00245,PRD021,1,89.9,0
OI000748,O00245,PRD008,4,49.9,5
OI000749,O00246,PRD002,4,109.9,0
OI000750,O00246,PRD003,4,29.9,0
OI000751,O00246,PRD014,2,14.9,0
OI000752,O00246,PRD005,1,32.5,15
OI000753,O00247,PRD021,2,89.9,0
OI000754,O00247,PRD020,3,59.9,0
OI000755,O00248,PRD002,3,109.9,0
OI000756,O00248,PRD010,3,27.9,0
OI000757,O00248,PRD005,1,32.5,0
OI000758,O00248,PRD011,4,49.9,0
OI000759,O00249,PRD006,2,42.9,0
OI000760,O00249,PRD013,1,16.9,0
OI000761,O00250,PRD013,3,16.9,0
OI000762,O00250,PRD021,1,89.9,0
OI000763,O00250,PRD002,4,109.9,0
OI000764,O00250,PRD009,3,19.9,0
OI000765,O00250,PRD004,1,34.9,0
OI000766,O00251,PRD022,3,31.9,0
OI000767,O00251,PRD014,4,14.9,0
OI000768,O00251,PRD020,2,59.9,0
OI000769,O00251,PRD022,4,31.9,0
OI000770,O00252,PRD009,1,19.9,15
OI000771,O00253,PRD022,1,31.9,0
OI000772,O00253,PRD007,4,17.9,0
OI000773,O00253,PRD024,2,13.9,0
OI000774,O00253,PRD016,3,11.9,0
OI000775,O00254,PRD010,3,27.9,0
OI000776,O00254,PRD013,3,16.9,0
OI000777,O00254,PRD021,3,89.9,5
OI000778,O00255,PRD001,4,119.9,0
OI000779,O00255,PRD019,4,10.9,0
OI000780,O00255,PRD018,2,26.9,0
OI000781,O00256,PRD015,3,54.9,0
OI000782,O00257,PRD020,2,59.9,12
OI000783,O00257,PRD018,4,26.9,12
OI000784,O00257,PRD006,3,42.9,12
OI000785,O00258,PRD023,2,29.9,10
OI000786,O00259,PRD002,2,109.9,0
OI000787,O00259,PRD001,1,119.9,0
OI000788,O00260,PRD021,2,89.9,0
OI000789,O00261,PRD017,3,15.9,0
OI000790,O00262,PRD007,3,17.9,15
OI000791,O00262,PRD018,3,26.9,15
OI000792,O00262,PRD006,1,42.9,15
OI000793,O00262,PRD005,4,32.5,15
OI000794,O00262,PRD001,2,119.9,15
OI000795,O00263,PRD007,2,17.9,12
OI000796,O00263,PRD001,3,119.9,12
OI000797,O00263,PRD019,1,10.9,12
OI000798,O00263,PRD024,4,13.9,12
OI000799,O00263,PRD012,3,24.9,12
OI000800,O00264,PRD003,1,29.9,0
OI000801,O00264,PRD007,1,17.9,0
OI000802,O00264,PRD020,4,59.9,0
OI000803,O00264,PRD003,2,29.9,0
OI000804,O00264,PRD016,3,11.9,15
OI000805,O00265,PRD007,4,17.9,0
OI000806,O00265,PRD014,1,14.9,10
OI000807,O00266,PRD003,2,29.9,0
OI000808,O00266,PRD003,2,29.9,0
OI000809,O00267,PRD009,2,19.9,10
OI000810,O00268,PRD010,4,27.9,12
OI000811,O00268,PRD002,2,109.9,12
OI000812,O00268,PRD019,1,10.9,12
OI000813,O00268,PRD003,4,29.9,12
OI000814,O00268,PRD011,2,49.9,12
OI000815,O00269,PRD007,1,17.9,0
OI000816,O00269,PRD013,4,16.9,0
OI000817,O00270,PRD020,1,59.9,15
OI000818,O00270,PRD016,3,11.9,15
OI000819,O00270,PRD003,4,29.9,15
OI000820,O00270,PRD022,3,31.9,15
OI000821,O00271,PRD023,4,29.9,0
OI000822,O00271,PRD013,3,16.9,0
OI000823,O00271,PRD019,2,10.9,0
OI000824,O00272,PRD011,2,49.9,0
OI000825,O00272,PRD005,2,32.5,15
OI000826,O00273,PRD023,1,29.9,0
OI000827,O00273,PRD007,3,17.9,0
OI000828,O00273,PRD007,3,17.9,0
OI000829,O00274,PRD005,2,32.5,5
OI000830,O00274,PRD014,1,14.9,0
OI000831,O00274,PRD001,1,119.9,0
OI000832,O00274,PRD018,3,26.9,0
OI000833,O00275,PRD014,1,14.9,0
OI000834,O00276,PRD023,3,29.9,0
OI000835,O00276,PRD002,2,109.9,0
OI000836,O00277,PRD004,3,34.9,0
OI000837,O00277,PRD012,4,24.9,0
OI000838,O00278,PRD007,3,17.9,0
OI000839,O00279,PRD014,3,14.9,0
OI000840,O00279,PRD008,1,49.9,0
OI000841,O00279,PRD003,3,29.9,0
OI000842,O00279,PRD009,3,19.9,0
OI000843,O00280,PRD006,3,42.9,0
OI000844,O00280,PRD011,4,49.9,0
OI000845,O00280,PRD024,1,13.9,0
OI000846,O00280,PRD001,1,119.9,0
OI000847,O00280,PRD011,2,49.9,0
OI000848,O00281,PRD001,4,119.9,0
OI000849,O00281,PRD018,4,26.9,0
OI000850,O00282,PRD009,3,19.9,0
OI000851,O00282,PRD019,1,10.9,0
OI000852,O00282,PRD024,2,13.9,0
OI000853,O00283,PRD002,3,109.9,0
OI000854,O00284,PRD008,3,49.9,0
OI000855,O00284,PRD004,3,34.9,0
OI000856,O00284,PRD019,2,10.9,5
OI000857,O00284,PRD011,1,49.9,5
OI000858,O00285,PRD004,2,34.9,15
OI000859,O00286,PRD010,1,27.9,0
OI000860,O00286,PRD021,2,89.9,15
OI000861,O00286,PRD010,3,27.9,0
OI000862,O00287,PRD005,3,32.5,0
OI000863,O00287,PRD001,4,119.9,0
OI000864,O00287,PRD002,2,109.9,0
OI000865,O00288,PRD013,3,16.9,0
OI000866,O00288,PRD021,4,89.9,0
OI000867,O00289,PRD002,3,109.9,5
OI000868,O00289,PRD010,4,27.9,0
OI000869,O00290,PRD006,2,42.9,0
OI000870,O00290,PRD001,3,119.9,0
OI000871,O00291,PRD002,4,109.9,0
OI000872,O00291,PRD003,3,29.9,0
OI000873,O00291,PRD005,3,32.5,0
OI000874,O00291,PRD022,4,31.9,0
OI000875,O00292,PRD012,2,24.9,12
OI000876,O00292,PRD003,4,29.9,12
OI000877,O00293,PRD024,2,13.9,0
OI000878,O00293,PRD013,3,16.9,0
OI000879,O00294,PRD005,2,32.5,15
OI000880,O00294,PRD021,3,89.9,0
OI000881,O00294,PRD010,4,27.9,0
OI000882,O00294,PRD003,2,29.9,0
OI000883,O00294,PRD004,2,34.9,0
OI000884,O00295,PRD020,4,59.9,12
OI000885,O00295,PRD024,3,13.9,12
OI000886,O00295,PRD002,3,109.9,12
OI000887,O00296,PRD021,1,89.9,0
OI000888,O00296,PRD015,1,54.9,0
OI000889,O00296,PRD019,1,10.9,0
OI000890,O00296,PRD012,4,24.9,0
OI000891,O00297,PRD020,3,59.9,5
OI000892,O00297,PRD013,1,16.9,0
OI000893,O00298,PRD021,1,89.9,0
OI000894,O00299,PRD021,4,89.9,0
OI000895,O00299,PRD016,4,11.9,0
OI000896,O00300,PRD010,4,27.9,0
OI000897,O00300,PRD024,3,13.9,0
OI000898,O00300,PRD002,2,109.9,0
OI000899,O00300,PRD005,2,32.5,0
OI000900,O00301,PRD019,3,10.9,0
OI000901,O00301,PRD009,2,19.9,0
OI000902,O00301,PRD021,4,89.9,0
OI000903,O00301,PRD008,2,49.9,0
OI000904,O00302,PRD009,3,19.9,0
OI000905,O00302,PRD006,3,42.9,15
OI000906,O00302,PRD005,1,32.5,0
OI000907,O00302,PRD003,1,29.9,0
OI000908,O00303,PRD016,1,11.9,0
OI000909,O00303,PRD016,4,11.9,10
OI000910,O00303,PRD012,4,24.9,0
OI000911,O00304,PRD017,3,15.9,0
OI000912,O00304,PRD017,3,15.9,0
OI000913,O00304,PRD001,2,119.9,0
OI000914,O00305,PRD014,2,14.9,0
OI000915,O00305,PRD010,4,27.9,15
OI000916,O00305,PRD018,3,26.9,10
OI000917,O00305,PRD002,3,109.9,10
OI000918,O00306,PRD017,3,15.9,15
OI000919,O00307,PRD001,4,119.9,0
OI000920,O00307,PRD006,1,42.9,0
OI000921,O00307,PRD017,3,15.9,0
OI000922,O00308,PRD020,4,59.9,0
OI000923,O00308,PRD008,3,49.9,0
OI000924,O00309,PRD018,1,26.9,0
OI000925,O00309,PRD002,2,109.9,0
OI000926,O00309,PRD001,2,119.9,0
OI000927,O00309,PRD006,2,42.9,10
OI000928,O00310,PRD010,1,27.9,0
OI000929,O00310,PRD013,2,16.9,0
OI000930,O00310,PRD008,4,49.9,0
OI000931,O00310,PRD005,1,32.5,0
OI000932,O00311,PRD006,2,42.9,0
OI000933,O00311,PRD012,4,24.9,0
OI000934,O00312,PRD014,4,14.9,0
OI000935,O00312,PRD024,1,13.9,0
OI000936,O00312,PRD021,1,89.9,0
OI000937,O00312,PRD001,2,119.9,0
OI000938,O00313,PRD002,4,109.9,0
OI000939,O00313,PRD009,1,19.9,0
OI000940,O00313,PRD003,2,29.9,0
OI000941,O00313,PRD021,3,89.9,0
OI000942,O00313,PRD008,2,49.9,0
OI000943,O00314,PRD011,3,49.9,0
OI000944,O00315,PRD018,3,26.9,10
OI000945,O00315,PRD003,4,29.9,10
OI000946,O00315,PRD011,4,49.9,10
OI000947,O00315,PRD003,1,29.9,10
OI000948,O00315,PRD004,3,34.9,10
OI000949,O00316,PRD022,3,31.9,0
OI000950,O00316,PRD014,2,14.9,0
OI000951,O00316,PRD013,4,16.9,0
OI000952,O00316,PRD022,4,31.9,0
OI000953,O00317,PRD004,2,34.9,0
OI000954,O00317,PRD007,2,17.9,0
OI000955,O00317,PRD021,3,89.9,0
OI000956,O00317,PRD009,1,19.9,0
OI000957,O00317,PRD013,3,16.9,0
OI000958,O00318,PRD023,1,29.9,0
OI000959,O00318,PRD014,3,14.9,0
OI000960,O00318,PRD005,1,32.5,15
OI000961,O00318,PRD013,2,16.9,0
OI000962,O00319,PRD021,3,89.9,0
OI000963,O00320,PRD008,2,49.9,0
OI000964,O00321,PRD016,4,11.9,0
OI000965,O00321,PRD001,1,119.9,0
OI000966,O00321,PRD016,4,11.9,0
OI000967,O00322,PRD008,1,49.9,5
OI000968,O00322,PRD006,2,42.9,0
OI000969,O00322,PRD008,1,49.9,0
OI000970,O00322,PRD023,3,29.9,0
OI000971,O00322,PRD003,3,29.9,0
OI000972,O00323,PRD002,1,109.9,0
OI000973,O00323,PRD001,4,119.9,0
OI000974,O00323,PRD006,1,42.9,0
OI000975,O00323,PRD002,1,109.9,0
OI000976,O00324,PRD006,4,42.9,10
OI000977,O00324,PRD007,1,17.9,0
OI000978,O00324,PRD008,3,49.9,0
OI000979,O00325,PRD018,1,26.9,0
OI000980,O00325,PRD014,4,14.9,0
OI000981,O00325,PRD018,2,26.9,15
OI000982,O00325,PRD023,1,29.9,0
OI000983,O00325,PRD010,1,27.9,0
OI000984,O00326,PRD020,2,59.9,0
OI000985,O00326,PRD023,3,29.9,0
OI000986,O00326,PRD004,2,34.9,5
OI000987,O00326,PRD021,2,89.9,0
OI000988,O00326,PRD007,1,17.9,0
OI000989,O00327,PRD017,3,15.9,12
OI000990,O00328,PRD020,3,59.9,0
OI000991,O00328,PRD011,1,49.9,0
OI000992,O00329,PRD018,4,26.9,0
OI000993,O00330,PRD008,2,49.9,0
OI000994,O00331,PRD018,4,26.9,15
OI000995,O00331,PRD022,4,31.9,15
OI000996,O00331,PRD005,3,32.5,15
OI000997,O00331,PRD017,2,15.9,15
OI000998,O00332,PRD004,1,34.9,0
OI000999,O00332,PRD007,4,17.9,0
OI001000,O00332,PRD002,2,109.9,0
OI001001,O00333,PRD018,1,26.9,0
OI001002,O00333,PRD016,1,11.9,0
OI001003,O00334,PRD006,2,42.9,0
OI001004,O00334,PRD014,4,14.9,0
OI001005,O00334,PRD010,3,27.9,10
OI001006,O00334,PRD019,1,10.9,0
OI001007,O00334,PRD003,3,29.9,0
OI001008,O00335,PRD010,4,27.9,0
OI001009,O00335,PRD004,1,34.9,0
OI001010,O00335,PRD001,3,119.9,0
OI001011,O00335,PRD023,4,29.9,0
OI001012,O00336,PRD024,3,13.9,0
OI001013,O00336,PRD001,3,119.9,0
OI001014,O00336,PRD023,1,29.9,0
OI001015,O00336,PRD011,3,49.9,0
OI001016,O00336,PRD011,2,49.9,0
OI001017,O00337,PRD020,1,59.9,0
OI001018,O00337,PRD012,1,24.9,0
OI001019,O00337,PRD014,3,14.9,0
OI001020,O00337,PRD013,3,16.9,0
OI001021,O00338,PRD012,4,24.9,5
OI001022,O00338,PRD013,1,16.9,0
OI001023,O00338,PRD023,1,29.9,0
OI001024,O00339,PRD018,2,26.9,0
OI001025,O00339,PRD004,3,34.9,0
OI001026,O00339,PRD014,2,14.9,0
OI001027,O00339,PRD009,1,19.9,0
OI001028,O00339,PRD004,2,34.9,0
OI001029,O00340,PRD013,1,16.9,25
OI001030,O00340,PRD003,2,29.9,25
OI001031,O00340,PRD001,3,119.9,25
OI001032,O00341,PRD004,3,34.9,0
OI001033,O00341,PRD001,2,119.9,0
OI001034,O00341,PRD020,1,59.9,0
OI001035,O00342,PRD020,1,59.9,0
OI001036,O00343,PRD013,3,16.9,0
OI001037,O00343,PRD018,3,26.9,0
OI001038,O00343,PRD017,4,15.9,0
OI001039,O00344,PRD004,4,34.9,0
OI001040,O00344,PRD023,2,29.9,10
OI001041,O00345,PRD009,3,19.9,0
OI001042,O00345,PRD007,2,17.9,0
OI001043,O00345,PRD008,3,49.9,0
OI001044,O00345,PRD016,2,11.9,0
OI001045,O00345,PRD020,1,59.9,0
OI001046,O00346,PRD009,1,19.9,0
OI001047,O00346,PRD008,4,49.9,0
OI001048,O00346,PRD024,3,13.9,0
OI001049,O00346,PRD019,4,10.9,0
OI001050,O00347,PRD020,2,59.9,0
OI001051,O00347,PRD021,4,89.9,0
OI001052,O00347,PRD002,1,109.9,0
OI001053,O00347,PRD016,2,11.9,0
OI001054,O00348,PRD013,4,16.9,0
OI001055,O00348,PRD021,2,89.9,5
OI001056,O00348,PRD015,2,54.9,15
OI001057,O00348,PRD010,4,27.9,5
OI001058,O00349,PRD007,1,17.9,0
OI001059,O00349,PRD013,2,16.9,0
OI001060,O00349,PRD016,1,11.9,0
OI001061,O00350,PRD019,3,10.9,0
OI001062,O00350,PRD004,1,34.9,0
OI001063,O00350,PRD013,2,16.9,0
OI001064,O00350,PRD009,1,19.9,0
OI001065,O00351,PRD018,3,26.9,0
OI001066,O00351,PRD011,4,49.9,0
OI001067,O00352,PRD021,4,89.9,0
OI001068,O00353,PRD024,3,13.9,0
OI001069,O00353,PRD019,2,10.9,0
OI001070,O00353,PRD001,1,119.9,0
OI001071,O00353,PRD017,4,15.9,0
OI001072,O00353,PRD017,1,15.9,0
OI001073,O00354,PRD013,4,16.9,0
OI001074,O00354,PRD001,4,119.9,0
OI001075,O00354,PRD016,2,11.9,0
OI001076,O00355,PRD023,2,29.9,0
OI001077,O00355,PRD016,1,11.9,0
OI001078,O00355,PRD012,2,24.9,0
OI001079,O00356,PRD012,2,24.9,0
OI001080,O00356,PRD008,3,49.9,0
OI001081,O00357,PRD005,3,32.5,0
OI001082,O00357,PRD017,3,15.9,0
OI001083,O00357,PRD006,2,42.9,0
OI001084,O00357,PRD002,4,109.9,0
OI001085,O00357,PRD005,3,32.5,0
OI001086,O00358,PRD005,4,32.5,0
OI001087,O00358,PRD021,2,89.9,0
OI001088,O00359,PRD003,1,29.9,0
OI001089,O00359,PRD002,4,109.9,0
OI001090,O00359,PRD004,3,34.9,5
OI001091,O00359,PRD008,3,49.9,0
OI001092,O00360,PRD003,1,29.9,0
OI001093,O00360,PRD020,1,59.9,0
OI001094,O00360,PRD020,4,59.9,0
OI001095,O00361,PRD014,4,14.9,0
OI001096,O00362,PRD009,3,19.9,0
OI001097,O00362,PRD013,1,16.9,0
OI001098,O00362,PRD022,2,31.9,0
OI001099,O00363,PRD015,1,54.9,0
OI001100,O00363,PRD012,3,24.9,0
OI001101,O00363,PRD022,3,31.9,0
OI001102,O00363,PRD007,4,17.9,0
OI001103,O00363,PRD013,3,16.9,0
OI001104,O00364,PRD013,2,16.9,0
OI001105,O00364,PRD002,4,109.9,0
OI001106,O00364,PRD003,2,29.9,0
OI001107,O00364,PRD013,3,16.9,0
OI001108,O00364,PRD007,4,17.9,0
OI001109,O00365,PRD011,1,49.9,0
OI001110,O00365,PRD019,4,10.9,0
OI001111,O00365,PRD019,3,10.9,0
OI001112,O00365,PRD001,4,119.9,0
OI001113,O00365,PRD011,3,49.9,0
OI001114,O00366,PRD019,1,10.9,0
OI001115,O00366,PRD022,3,31.9,10
OI001116,O00367,PRD003,4,29.9,0
OI001117,O00367,PRD013,1,16.9,0
OI001118,O00367,PRD020,3,59.9,5
OI001119,O00367,PRD012,1,24.9,0
OI001120,O00368,PRD002,1,109.9,0
OI001121,O00369,PRD014,2,14.9,0
OI001122,O00370,PRD006,4,42.9,0
OI001123,O00370,PRD016,2,11.9,0
OI001124,O00371,PRD021,3,89.9,0
OI001125,O00371,PRD013,4,16.9,0
OI001126,O00371,PRD019,1,10.9,10
OI001127,O00372,PRD007,1,17.9,0
OI001128,O00372,PRD007,2,17.9,0
OI001129,O00372,PRD014,2,14.9,0
OI001130,O00372,PRD005,4,32.5,0
OI001131,O00372,PRD021,1,89.9,0
OI001132,O00373,PRD015,1,54.9,0
OI001133,O00373,PRD022,2,31.9,15
OI001134,O00373,PRD021,4,89.9,0
OI001135,O00374,PRD019,4,10.9,10
OI001136,O00374,PRD019,4,10.9,0
OI001137,O00374,PRD021,1,89.9,0
OI001138,O00374,PRD022,3,31.9,0
OI001139,O00375,PRD010,3,27.9,0
OI001140,O00375,PRD006,3,42.9,0
OI001141,O00375,PRD017,4,15.9,15
OI001142,O00375,PRD011,4,49.9,5
OI001143,O00376,PRD009,4,19.9,25
OI001144,O00376,PRD010,2,27.9,25
OI001145,O00376,PRD009,2,19.9,25
OI001146,O00376,PRD023,3,29.9,25
OI001147,O00377,PRD011,2,49.9,0
OI001148,O00377,PRD011,3,49.9,0
OI001149,O00377,PRD018,3,26.9,0
OI001150,O00377,PRD010,2,27.9,0
OI001151,O00377,PRD003,1,29.9,0
OI001152,O00378,PRD014,2,14.9,10
OI001153,O00378,PRD020,4,59.9,0
OI001154,O00379,PRD014,4,14.9,0
OI001155,O00379,PRD018,1,26.9,0
OI001156,O00379,PRD006,2,42.9,0
OI001157,O00379,PRD022,3,31.9,0
OI001158,O00380,PRD004,4,34.9,0
OI001159,O00381,PRD011,1,49.9,0
OI001160,O00382,PRD018,4,26.9,0
OI001161,O00382,PRD006,3,42.9,0
OI001162,O00382,PRD012,1,24.9,0
OI001163,O00382,PRD018,4,26.9,0
OI001164,O00382,PRD010,2,27.9,0
OI001165,O00383,PRD016,2,11.9,5
OI001166,O00384,PRD022,3,31.9,0
OI001167,O00384,PRD017,2,15.9,0
OI001168,O00385,PRD022,3,31.9,0
OI001169,O00385,PRD018,4,26.9,15
OI001170,O00385,PRD008,3,49.9,0
OI001171,O00385,PRD008,1,49.9,0
OI001172,O00386,PRD001,3,119.9,0
OI001173,O00386,PRD008,2,49.9,0
OI001174,O00386,PRD006,2,42.9,0
OI001175,O00386,PRD023,3,29.9,0
OI001176,O00387,PRD008,3,49.9,0
OI001177,O00387,PRD003,1,29.9,0
OI001178,O00387,PRD001,3,119.9,0
OI001179,O00388,PRD021,4,89.9,0
OI001180,O00388,PRD022,4,31.9,0
OI001181,O00389,PRD015,4,54.9,0
OI001182,O00389,PRD019,1,10.9,0
OI001183,O00389,PRD011,3,49.9,0
OI001184,O00389,PRD023,4,29.9,0
OI001185,O00389,PRD009,3,19.9,0
OI001186,O00390,PRD016,1,11.9,10
OI001187,O00390,PRD017,3,15.9,10
OI001188,O00390,PRD017,1,15.9,10
OI001189,O00390,PRD017,2,15.9,10
OI001190,O00390,PRD005,1,32.5,10
OI001191,O00391,PRD016,4,11.9,0
OI001192,O00391,PRD002,1,109.9,0
OI001193,O00392,PRD021,1,89.9,0
OI001194,O00393,PRD015,4,54.9,0
OI001195,O00393,PRD001,3,119.9,0
OI001196,O00394,PRD019,4,10.9,0
OI001197,O00394,PRD013,2,16.9,0
OI001198,O00395,PRD001,3,119.9,0
OI001199,O00395,PRD009,4,19.9,0
OI001200,O00395,PRD023,3,29.9,0
OI001201,O00395,PRD021,4,89.9,0
OI001202,O00396,PRD019,1,10.9,0
OI001203,O00396,PRD006,4,42.9,0
OI001204,O00397,PRD014,3,14.9,0
OI001205,O00397,PRD002,3,109.9,0
OI001206,O00397,PRD010,2,27.9,0
OI001207,O00397,PRD006,4,42.9,0
OI001208,O00397,PRD024,1,13.9,0
OI001209,O00398,PRD018,3,26.9,0
OI001210,O00398,PRD011,4,49.9,0
OI001211,O00399,PRD008,2,49.9,5
OI001212,O00399,PRD021,2,89.9,0
OI001213,O00399,PRD009,1,19.9,0
OI001214,O00400,PRD013,4,16.9,0
OI001215,O00400,PRD009,3,19.9,0
OI001216,O00400,PRD003,1,29.9,0
OI001217,O00401,PRD014,2,14.9,0
OI001218,O00401,PRD005,2,32.5,0
OI001219,O00401,PRD001,4,119.9,0
OI001220,O00401,PRD018,3,26.9,0
OI001221,O00401,PRD012,1,24.9,0
OI001222,O00402,PRD004,4,34.9,12
OI001223,O00402,PRD008,1,49.9,12
OI001224,O00402,PRD022,3,31.9,12
OI001225,O00402,PRD014,4,14.9,12
OI001226,O00403,PRD010,3,27.9,0
OI001227,O00403,PRD019,3,10.9,0
OI001228,O00403,PRD008,1,49.9,0
OI001229,O00403,PRD023,2,29.9,0
OI001230,O00404,PRD005,3,32.5,0
OI001231,O00404,PRD024,4,13.9,0
OI001232,O00405,PRD015,4,54.9,0
OI001233,O00405,PRD012,1,24.9,10
OI001234,O00406,PRD020,4,59.9,10
OI001235,O00406,PRD021,1,89.9,0
OI001236,O00406,PRD018,4,26.9,0
OI001237,O00406,PRD015,2,54.9,0
OI001238,O00406,PRD018,4,26.9,0
OI001239,O00407,PRD003,4,29.9,0
OI001240,O00408,PRD008,2,49.9,0
OI001241,O00408,PRD014,1,14.9,0
OI001242,O00408,PRD018,2,26.9,0
OI001243,O00408,PRD001,3,119.9,0
OI001244,O00408,PRD019,3,10.9,0
OI001245,O00409,PRD001,4,119.9,0
OI001246,O00410,PRD024,3,13.9,0
OI001247,O00410,PRD022,1,31.9,0
OI001248,O00410,PRD014,3,14.9,0
OI001249,O00410,PRD005,4,32.5,0
OI001250,O00411,PRD012,3,24.9,0
OI001251,O00411,PRD021,4,89.9,5
OI001252,O00411,PRD009,4,19.9,0
OI001253,O00412,PRD011,1,49.9,10
OI001254,O00412,PRD015,2,54.9,10
OI001255,O00412,PRD001,3,119.9,10
OI001256,O00412,PRD004,1,34.9,10
OI001257,O00413,PRD023,2,29.9,0
OI001258,O00413,PRD015,4,54.9,0
OI001259,O00413,PRD014,3,14.9,5
OI001260,O00414,PRD023,3,29.9,0
OI001261,O00414,PRD017,2,15.9,0
OI001262,O00414,PRD012,4,24.9,5
OI001263,O00414,PRD005,4,32.5,0
OI001264,O00415,PRD011,4,49.9,0
OI001265,O00415,PRD020,4,59.9,0
OI001266,O00415,PRD017,1,15.9,5
OI001267,O00415,PRD013,2,16.9,0
OI001268,O00415,PRD007,4,17.9,0
OI001269,O00416,PRD019,4,10.9,0
OI001270,O00416,PRD012,1,24.9,5
OI001271,O00417,PRD021,3,89.9,0
OI001272,O00417,PRD015,3,54.9,5
OI001273,O00417,PRD011,1,49.9,0
OI001274,O00418,PRD021,1,89.9,0
OI001275,O00418,PRD024,3,13.9,0
OI001276,O00418,PRD010,2,27.9,0
OI001277,O00419,PRD013,3,16.9,0
OI001278,O00419,PRD023,2,29.9,0
OI001279,O00419,PRD024,3,13.9,0
OI001280,O00419,PRD001,4,119.9,0
OI001281,O00420,PRD016,3,11.9,10
OI001282,O00420,PRD009,2,19.9,0
OI001283,O00420,PRD008,4,49.9,0
OI001284,O00421,PRD024,3,13.9,0
OI001285,O00421,PRD002,3,109.9,0
OI001286,O00421,PRD005,3,32.5,0
OI001287,O00421,PRD018,4,26.9,0
OI001288,O00421,PRD020,1,59.9,15
OI001289,O00422,PRD021,4,89.9,0
OI001290,O00422,PRD014,2,14.9,0
OI001291,O00422,PRD004,3,34.9,0
OI001292,O00422,PRD015,3,54.9,0
OI001293,O00423,PRD002,4,109.9,0
OI001294,O00423,PRD008,2,49.9,0
OI001295,O00423,PRD010,3,27.9,0
OI001296,O00424,PRD017,2,15.9,0
OI001297,O00424,PRD024,3,13.9,0
OI001298,O00425,PRD009,1,19.9,0
OI001299,O00425,PRD015,3,54.9,0
OI001300,O00425,PRD004,1,34.9,0
OI001301,O00425,PRD005,2,32.5,0
OI001302,O00425,PRD024,4,13.9,0
OI001303,O00426,PRD016,1,11.9,5
OI001304,O00426,PRD009,2,19.9,0
OI001305,O00426,PRD011,2,49.9,0
OI001306,O00426,PRD020,3,59.9,0
OI001307,O00427,PRD009,1,19.9,20
OI001308,O00428,PRD019,4,10.9,0
OI001309,O00428,PRD017,2,15.9,0
OI001310,O00428,PRD007,2,17.9,0
OI001311,O00429,PRD009,3,19.9,0
OI001312,O00429,PRD016,2,11.9,0
OI001313,O00429,PRD023,3,29.9,0
OI001314,O00429,PRD007,2,17.9,0
OI001315,O00429,PRD020,2,59.9,0
OI001316,O00430,PRD011,3,49.9,12
OI001317,O00430,PRD004,3,34.9,12
OI001318,O00430,PRD021,3,89.9,12
OI001319,O00430,PRD016,1,11.9,12
OI001320,O00431,PRD004,1,34.9,0
OI001321,O00431,PRD005,1,32.5,0
OI001322,O00432,PRD024,4,13.9,0
OI001323,O00432,PRD019,1,10.9,0
OI001324,O00432,PRD021,3,89.9,0
OI001325,O00432,PRD011,4,49.9,0
OI001326,O00433,PRD004,3,34.9,0
OI001327,O00433,PRD004,2,34.9,0
OI001328,O00433,PRD009,3,19.9,0
OI001329,O00434,PRD021,4,89.9,0
OI001330,O00434,PRD019,1,10.9,0
OI001331,O00435,PRD023,4,29.9,0
OI001332,O00435,PRD007,2,17.9,0
OI001333,O00435,PRD006,1,42.9,0
OI001334,O00436,PRD017,3,15.9,0
OI001335,O00436,PRD009,4,19.9,0
OI001336,O00437,PRD017,4,15.9,0
OI001337,O00437,PRD009,4,19.9,0
OI001338,O00437,PRD007,3,17.9,0
OI001339,O00438,PRD021,4,89.9,15
OI001340,O00438,PRD013,4,16.9,15
OI001341,O00438,PRD002,3,109.9,15
OI001342,O00439,PRD019,2,10.9,0
OI001343,O00440,PRD001,1,119.9,0
OI001344,O00440,PRD020,2,59.9,0
OI001345,O00440,PRD021,1,89.9,0
OI001346,O00440,PRD006,4,42.9,0
OI001347,O00440,PRD006,4,42.9,0
OI001348,O00441,PRD018,2,26.9,0
OI001349,O00442,PRD002,2,109.9,0
OI001350,O00442,PRD010,1,27.9,0
OI001351,O00442,PRD017,3,15.9,0
OI001352,O00442,PRD012,1,24.9,0
OI001353,O00443,PRD009,1,19.9,0
OI001354,O00443,PRD009,3,19.9,0
OI001355,O00443,PRD023,4,29.9,0
OI001356,O00444,PRD010,2,27.9,0
OI001357,O00444,PRD008,1,49.9,0
OI001358,O00444,PRD019,1,10.9,0
OI001359,O00445,PRD002,4,109.9,0
OI001360,O00445,PRD007,2,17.9,0
OI001361,O00445,PRD012,4,24.9,0
OI001362,O00446,PRD015,2,54.9,0
OI001363,O00446,PRD008,1,49.9,0
OI001364,O00446,PRD008,1,49.9,0
OI001365,O00446,PRD004,1,34.9,0
OI001366,O00447,PRD005,4,32.5,10
OI001367,O00447,PRD005,1,32.5,0
OI001368,O00447,PRD022,3,31.9,0
OI001369,O00448,PRD008,3,49.9,0
OI001370,O00448,PRD020,3,59.9,0
OI001371,O00448,PRD005,3,32.5,0
OI001372,O00449,PRD015,2,54.9,0
OI001373,O00449,PRD007,2,17.9,0
OI001374,O00449,PRD012,2,24.9,10
OI001375,O00449,PRD016,3,11.9,0
OI001376,O00450,PRD018,2,26.9,0
OI001377,O00450,PRD020,4,59.9,0
OI001378,O00450,PRD008,2,49.9,0
OI001379,O00451,PRD004,2,34.9,0
OI001380,O00451,PRD007,2,17.9,0
OI001381,O00451,PRD004,2,34.9,0
OI001382,O00451,PRD023,2,29.9,0
OI001383,O00452,PRD017,1,15.9,0
OI001384,O00452,PRD014,4,14.9,0
OI001385,O00452,PRD008,1,49.9,5
OI001386,O00452,PRD010,4,27.9,5
OI001387,O00453,PRD001,3,119.9,0
OI001388,O00453,PRD014,2,14.9,15
OI001389,O00453,PRD018,2,26.9,0
OI001390,O00454,PRD024,3,13.9,0
OI001391,O00454,PRD018,3,26.9,0
OI001392,O00454,PRD018,3,26.9,0
OI001393,O00454,PRD006,4,42.9,0
OI001394,O00455,PRD011,2,49.9,0
OI001395,O00455,PRD008,4,49.9,0
OI001396,O00455,PRD011,1,49.9,0
OI001397,O00455,PRD009,2,19.9,0
OI001398,O00455,PRD022,1,31.9,0
OI001399,O00456,PRD013,3,16.9,0
OI001400,O00457,PRD024,2,13.9,0
OI001401,O00457,PRD001,2,119.9,0
OI001402,O00457,PRD020,2,59.9,0
OI001403,O00457,PRD006,4,42.9,0
OI001404,O00458,PRD009,4,19.9,0
OI001405,O00458,PRD007,1,17.9,0
OI001406,O00458,PRD017,2,15.9,0
OI001407,O00458,PRD013,1,16.9,10
OI001408,O00458,PRD007,1,17.9,0
OI001409,O00459,PRD020,2,59.9,15
OI001410,O00459,PRD023,3,29.9,0
OI001411,O00459,PRD023,4,29.9,0
OI001412,O00459,PRD022,3,31.9,0
OI001413,O00460,PRD017,4,15.9,0
OI001414,O00461,PRD006,1,42.9,0
OI001415,O00461,PRD021,2,89.9,0
OI001416,O00461,PRD001,1,119.9,0
OI001417,O00461,PRD021,3,89.9,0
OI001418,O00462,PRD001,2,119.9,0
OI001419,O00462,PRD002,2,109.9,0
OI001420,O00462,PRD019,4,10.9,0
OI001421,O00462,PRD015,3,54.9,0
OI001422,O00462,PRD004,1,34.9,0
OI001423,O00463,PRD009,2,19.9,0
OI001424,O00463,PRD005,2,32.5,0
OI001425,O00464,PRD011,3,49.9,0
OI001426,O00464,PRD015,1,54.9,0
OI001427,O00464,PRD015,3,54.9,0
OI001428,O00465,PRD001,1,119.9,0
OI001429,O00466,PRD001,4,119.9,0
OI001430,O00466,PRD013,3,16.9,0
OI001431,O00467,PRD013,2,16.9,0
OI001432,O00467,PRD020,1,59.9,0
OI001433,O00468,PRD012,2,24.9,0
OI001434,O00469,PRD016,2,11.9,0
OI001435,O00470,PRD010,1,27.9,0
OI001436,O00470,PRD005,1,32.5,0
OI001437,O00470,PRD002,3,109.9,0
OI001438,O00471,PRD002,2,109.9,0
OI001439,O00472,PRD008,4,49.9,0
OI001440,O00473,PRD012,3,24.9,0
OI001441,O00474,PRD003,3,29.9,0
OI001442,O00474,PRD021,1,89.9,10
OI001443,O00474,PRD011,3,49.9,0
OI001444,O00475,PRD005,2,32.5,15
OI001445,O00476,PRD001,2,119.9,0
OI001446,O00476,PRD018,4,26.9,0
OI001447,O00476,PRD024,3,13.9,0
OI001448,O00476,PRD006,4,42.9,0
OI001449,O00477,PRD022,3,31.9,15
OI001450,O00477,PRD013,2,16.9,0
OI001451,O00477,PRD009,4,19.9,0
OI001452,O00477,PRD014,1,14.9,15
OI001453,O00478,PRD009,4,19.9,0
OI001454,O00479,PRD006,1,42.9,0
OI001455,O00479,PRD014,3,14.9,0
OI001456,O00480,PRD017,4,15.9,0
OI001457,O00481,PRD002,2,109.9,5
OI001458,O00481,PRD002,1,109.9,0
OI001459,O00481,PRD001,3,119.9,0
OI001460,O00481,PRD002,3,109.9,0
OI001461,O00481,PRD011,1,49.9,0
OI001462,O00482,PRD017,3,15.9,0
OI001463,O00483,PRD011,4,49.9,15
OI001464,O00483,PRD002,2,109.9,15
OI001465,O00483,PRD006,2,42.9,15
OI001466,O00484,PRD005,3,32.5,0
OI001467,O00484,PRD005,2,32.5,0
OI001468,O00484,PRD019,1,10.9,15
OI001469,O00484,PRD020,1,59.9,0
OI001470,O00484,PRD002,1,109.9,0
OI001471,O00485,PRD018,1,26.9,0
OI001472,O00485,PRD008,1,49.9,0
OI001473,O00485,PRD020,4,59.9,0
OI001474,O00485,PRD015,1,54.9,0
OI001475,O00486,PRD023,4,29.9,0
OI001476,O00486,PRD018,1,26.9,0
OI001477,O00486,PRD008,3,49.9,0
OI001478,O00486,PRD017,4,15.9,0
OI001479,O00486,PRD016,4,11.9,0
OI001480,O00487,PRD023,3,29.9,0
OI001481,O00488,PRD012,2,24.9,25
OI001482,O00488,PRD011,2,49.9,25
OI001483,O00488,PRD018,4,26.9,25
OI001484,O00489,PRD019,4,10.9,0
OI001485,O00489,PRD009,3,19.9,0
OI001486,O00489,PRD017,3,15.9,0
OI001487,O00489,PRD001,1,119.9,0
OI001488,O00490,PRD014,3,14.9,0
OI001489,O00491,PRD005,2,32.5,0
OI001490,O00491,PRD017,4,15.9,0
OI001491,O00491,PRD019,1,10.9,0
OI001492,O00492,PRD023,4,29.9,12
OI001493,O00492,PRD021,2,89.9,12
OI001494,O00492,PRD015,1,54.9,12
OI001495,O00492,PRD006,3,42.9,12
OI001496,O00493,PRD012,1,24.9,12
OI001497,O00493,PRD020,2,59.9,12
OI001498,O00493,PRD001,3,119.9,12
OI001499,O00493,PRD013,3,16.9,12
OI001500,O00493,PRD006,3,42.9,12
OI001501,O00494,PRD008,1,49.9,0
OI001502,O00494,PRD019,2,10.9,0
OI001503,O00495,PRD006,1,42.9,0
OI001504,O00496,PRD022,2,31.9,0
OI001505,O00496,PRD016,2,11.9,0
OI001506,O00496,PRD003,1,29.9,0
OI001507,O00497,PRD011,2,49.9,0
OI001508,O00497,PRD002,1,109.9,0
OI001509,O00497,PRD004,1,34.9,0
OI001510,O00498,PRD009,1,19.9,15
OI001511,O00498,PRD016,4,11.9,15
OI001512,O00498,PRD019,2,10.9,15
OI001513,O00499,PRD015,1,54.9,0
OI001514,O00499,PRD005,2,32.5,0
OI001515,O00499,PRD018,1,26.9,15
OI001516,O00499,PRD002,2,109.9,0
OI001517,O00499,PRD011,2,49.9,0
OI001518,O00500,PRD008,3,49.9,12
OI001519,O00501,PRD003,4,29.9,0
OI001520,O00501,PRD016,3,11.9,0
OI001521,O00501,PRD004,3,34.9,0
OI001522,O00501,PRD006,1,42.9,0
OI001523,O00502,PRD024,4,13.9,0
OI001524,O00502,PRD002,3,109.9,0
OI001525,O00502,PRD012,4,24.9,0
OI001526,O00502,PRD013,1,16.9,10
OI001527,O00502,PRD022,4,31.9,10
OI001528,O00503,PRD017,1,15.9,0
OI001529,O00503,PRD021,3,89.9,0
OI001530,O00503,PRD008,3,49.9,0
OI001531,O00503,PRD013,1,16.9,0
OI001532,O00503,PRD013,3,16.9,0
OI001533,O00504,PRD017,3,15.9,20
OI001534,O00505,PRD014,2,14.9,0
OI001535,O00505,PRD019,4,10.9,0
OI001536,O00505,PRD014,2,14.9,0
OI001537,O00506,PRD016,3,11.9,0
OI001538,O00506,PRD015,4,54.9,0
OI001539,O00506,PRD008,3,49.9,0
OI001540,O00506,PRD003,1,29.9,0
OI001541,O00506,PRD009,3,19.9,0
OI001542,O00507,PRD021,2,89.9,0
OI001543,O00507,PRD007,4,17.9,0
OI001544,O00507,PRD002,2,109.9,0
OI001545,O00507,PRD021,1,89.9,0
OI001546,O00507,PRD021,1,89.9,0
OI001547,O00508,PRD013,1,16.9,0
OI001548,O00508,PRD008,2,49.9,0
OI001549,O00509,PRD005,1,32.5,0
OI001550,O00509,PRD005,4,32.5,0
OI001551,O00509,PRD009,4,19.9,0
OI001552,O00509,PRD006,3,42.9,0
OI001553,O00510,PRD007,1,17.9,0
OI001554,O00510,PRD021,2,89.9,0
OI001555,O00510,PRD013,2,16.9,15
OI001556,O00511,PRD011,3,49.9,0
OI001557,O00511,PRD007,3,17.9,15
OI001558,O00511,PRD007,4,17.9,0
OI001559,O00511,PRD009,2,19.9,0
OI001560,O00511,PRD007,1,17.9,0
OI001561,O00512,PRD017,1,15.9,0
OI001562,O00512,PRD008,2,49.9,0
OI001563,O00513,PRD010,4,27.9,0
OI001564,O00514,PRD007,3,17.9,0
OI001565,O00514,PRD019,2,10.9,0
OI001566,O00514,PRD015,2,54.9,0
OI001567,O00515,PRD018,4,26.9,5
OI001568,O00515,PRD017,3,15.9,0
OI001569,O00515,PRD018,2,26.9,0
OI001570,O00515,PRD006,4,42.9,10
OI001571,O00516,PRD004,4,34.9,0
OI001572,O00517,PRD002,1,109.9,0
OI001573,O00517,PRD007,4,17.9,0
OI001574,O00517,PRD017,4,15.9,0
OI001575,O00517,PRD010,1,27.9,15
OI001576,O00518,PRD007,1,17.9,0
OI001577,O00519,PRD018,4,26.9,0
OI001578,O00520,PRD018,3,26.9,0
OI001579,O00520,PRD003,2,29.9,0
OI001580,O00520,PRD004,1,34.9,0
OI001581,O00521,PRD001,2,119.9,0
OI001582,O00521,PRD019,3,10.9,0
OI001583,O00522,PRD004,1,34.9,0
OI001584,O00522,PRD002,3,109.9,0
OI001585,O00522,PRD022,2,31.9,0
OI001586,O00523,PRD013,2,16.9,0
OI001587,O00524,PRD003,3,29.9,15
OI001588,O00525,PRD018,1,26.9,0
OI001589,O00526,PRD001,2,119.9,0
OI001590,O00526,PRD016,3,11.9,0
OI001591,O00527,PRD018,2,26.9,0
OI001592,O00527,PRD006,4,42.9,0
OI001593,O00527,PRD022,2,31.9,0
OI001594,O00528,PRD015,2,54.9,15
OI001595,O00528,PRD009,1,19.9,5
OI001596,O00529,PRD017,4,15.9,5
OI001597,O00529,PRD024,3,13.9,10
OI001598,O00529,PRD021,4,89.9,0
OI001599,O00529,PRD009,4,19.9,0
OI001600,O00530,PRD003,4,29.9,0
OI001601,O00530,PRD024,1,13.9,0
OI001602,O00530,PRD014,2,14.9,0
OI001603,O00530,PRD023,2,29.9,0
OI001604,O00530,PRD008,3,49.9,0
OI001605,O00531,PRD016,4,11.9,25
OI001606,O00531,PRD007,3,17.9,25
OI001607,O00532,PRD007,4,17.9,15
OI001608,O00532,PRD005,2,32.5,0
OI001609,O00532,PRD002,2,109.9,0
OI001610,O00532,PRD009,4,19.9,0
OI001611,O00532,PRD012,3,24.9,0
OI001612,O00533,PRD005,3,32.5,15
OI001613,O00533,PRD009,3,19.9,15
OI001614,O00533,PRD014,1,14.9,15
OI001615,O00533,PRD014,4,14.9,15
OI001616,O00533,PRD017,2,15.9,15
OI001617,O00534,PRD023,1,29.9,0
OI001618,O00534,PRD002,4,109.9,0
OI001619,O00534,PRD015,2,54.9,0
OI001620,O00534,PRD007,2,17.9,0
OI001621,O00534,PRD003,2,29.9,0
OI001622,O00535,PRD014,3,14.9,0
OI001623,O00535,PRD006,3,42.9,0
OI001624,O00536,PRD015,1,54.9,0
OI001625,O00536,PRD023,4,29.9,0
OI001626,O00536,PRD024,4,13.9,0
OI001627,O00536,PRD004,2,34.9,0
OI001628,O00536,PRD021,2,89.9,0
OI001629,O00537,PRD007,3,17.9,10
OI001630,O00537,PRD009,3,19.9,10
OI001631,O00537,PRD009,1,19.9,10
OI001632,O00537,PRD004,1,34.9,10
OI001633,O00537,PRD020,2,59.9,10
OI001634,O00538,PRD022,4,31.9,0
OI001635,O00538,PRD023,1,29.9,10
OI001636,O00538,PRD015,3,54.9,10
OI001637,O00538,PRD003,3,29.9,0
OI001638,O00538,PRD002,1,109.9,0
OI001639,O00539,PRD008,3,49.9,0
OI001640,O00539,PRD024,2,13.9,0
OI001641,O00540,PRD023,2,29.9,0
OI001642,O00540,PRD013,4,16.9,0
OI001643,O00540,PRD024,2,13.9,0
OI001644,O00540,PRD012,3,24.9,0
OI001645,O00540,PRD018,4,26.9,0
OI001646,O00541,PRD013,3,16.9,0
OI001647,O00541,PRD006,1,42.9,0
OI001648,O00541,PRD009,1,19.9,0
OI001649,O00541,PRD011,1,49.9,0
OI001650,O00542,PRD011,2,49.9,0
OI001651,O00542,PRD005,4,32.5,10
OI001652,O00543,PRD001,1,119.9,0
OI001653,O00543,PRD024,3,13.9,0
OI001654,O00543,PRD016,2,11.9,0
OI001655,O00543,PRD005,2,32.5,10
OI001656,O00543,PRD017,3,15.9,0
OI001657,O00544,PRD009,1,19.9,0
OI001658,O00544,PRD002,3,109.9,0
OI001659,O00544,PRD013,4,16.9,0
OI001660,O00545,PRD003,2,29.9,0
OI001661,O00546,PRD008,4,49.9,15
OI001662,O00546,PRD024,4,13.9,0
OI001663,O00546,PRD024,3,13.9,0
OI001664,O00546,PRD015,4,54.9,0
OI001665,O00547,PRD024,3,13.9,0
OI001666,O00547,PRD023,4,29.9,5
OI001667,O00547,PRD009,3,19.9,0
OI001668,O00548,PRD014,2,14.9,0
OI001669,O00549,PRD013,2,16.9,0
OI001670,O00549,PRD001,3,119.9,0
OI001671,O00550,PRD019,3,10.9,10
OI001672,O00550,PRD015,1,54.9,10
OI001673,O00550,PRD014,3,14.9,10
OI001674,O00551,PRD008,1,49.9,0
OI001675,O00552,PRD015,1,54.9,0
OI001676,O00552,PRD014,1,14.9,0
OI001677,O00552,PRD020,4,59.9,0
OI001678,O00552,PRD012,2,24.9,0
OI001679,O00552,PRD006,3,42.9,0
OI001680,O00553,PRD016,4,11.9,15
OI001681,O00553,PRD020,4,59.9,15
OI001682,O00554,PRD018,1,26.9,0
OI001683,O00554,PRD019,3,10.9,0
OI001684,O00554,PRD003,3,29.9,0
OI001685,O00555,PRD011,1,49.9,0
OI001686,O00556,PRD016,1,11.9,0
OI001687,O00556,PRD003,2,29.9,0
OI001688,O00556,PRD021,4,89.9,0
OI001689,O00556,PRD020,3,59.9,0
OI001690,O00557,PRD017,3,15.9,0
OI001691,O00558,PRD008,2,49.9,10
OI001692,O00558,PRD019,3,10.9,10
OI001693,O00558,PRD023,1,29.9,10
OI001694,O00558,PRD020,1,59.9,10
OI001695,O00558,PRD020,3,59.9,10
OI001696,O00559,PRD012,1,24.9,0
OI001697,O00560,PRD003,4,29.9,0
OI001698,O00560,PRD002,1,109.9,0
OI001699,O00561,PRD008,3,49.9,0
OI001700,O00561,PRD011,4,49.9,0
OI001701,O00561,PRD008,1,49.9,0
OI001702,O00561,PRD022,4,31.9,5
OI001703,O00562,PRD021,2,89.9,0
OI001704,O00562,PRD015,3,54.9,0
OI001705,O00562,PRD006,1,42.9,0
OI001706,O00562,PRD016,3,11.9,0
OI001707,O00563,PRD024,4,13.9,0
OI001708,O00563,PRD015,2,54.9,0
OI001709,O00563,PRD019,4,10.9,10
OI001710,O00563,PRD022,2,31.9,0
OI001711,O00564,PRD020,2,59.9,0
OI001712,O00564,PRD004,1,34.9,0
OI001713,O00564,PRD020,1,59.9,0
OI001714,O00564,PRD006,4,42.9,0
OI001715,O00565,PRD024,4,13.9,10
OI001716,O00566,PRD009,1,19.9,20
OI001717,O00566,PRD021,1,89.9,20
OI001718,O00566,PRD011,1,49.9,20
OI001719,O00566,PRD004,4,34.9,20
OI001720,O00566,PRD012,3,24.9,20
OI001721,O00567,PRD021,2,89.9,15
OI001722,O00567,PRD014,3,14.9,15
OI001723,O00568,PRD018,1,26.9,0
OI001724,O00568,PRD018,3,26.9,0
OI001725,O00568,PRD002,4,109.9,0
OI001726,O00568,PRD023,3,29.9,0
OI001727,O00568,PRD022,4,31.9,0
OI001728,O00569,PRD022,2,31.9,0
OI001729,O00569,PRD016,1,11.9,0
OI001730,O00570,PRD010,1,27.9,12
OI001731,O00570,PRD011,3,49.9,12
OI001732,O00570,PRD017,1,15.9,12
OI001733,O00571,PRD021,2,89.9,0
OI001734,O00571,PRD018,1,26.9,0
OI001735,O00571,PRD014,2,14.9,0
OI001736,O00571,PRD021,1,89.9,0
OI001737,O00572,PRD016,2,11.9,0
OI001738,O00572,PRD016,2,11.9,5
OI001739,O00573,PRD020,4,59.9,0
OI001740,O00573,PRD017,3,15.9,0
OI001741,O00574,PRD021,1,89.9,0
OI001742,O00574,PRD006,2,42.9,0
OI001743,O00575,PRD022,1,31.9,0
OI001744,O00575,PRD020,1,59.9,0
OI001745,O00575,PRD023,1,29.9,10
OI001746,O00575,PRD005,1,32.5,0
OI001747,O00576,PRD023,2,29.9,12
OI001748,O00576,PRD008,4,49.9,12
OI001749,O00577,PRD016,2,11.9,0
OI001750,O00577,PRD006,2,42.9,0
OI001751,O00577,PRD020,1,59.9,0
OI001752,O00577,PRD024,2,13.9,0
OI001753,O00577,PRD003,4,29.9,0
OI001754,O00578,PRD020,1,59.9,0
OI001755,O00579,PRD019,1,10.9,0
OI001756,O00580,PRD015,4,54.9,0
OI001757,O00581,PRD014,1,14.9,0
OI001758,O00581,PRD013,4,16.9,0
OI001759,O00581,PRD011,4,49.9,0
OI001760,O00581,PRD004,1,34.9,0
OI001761,O00582,PRD015,1,54.9,0
OI001762,O00583,PRD004,3,34.9,0
OI001763,O00583,PRD007,3,17.9,0
OI001764,O00583,PRD024,1,13.9,0
OI001765,O00584,PRD006,2,42.9,0
OI001766,O00585,PRD020,4,59.9,10
OI001767,O00585,PRD022,4,31.9,10
OI001768,O00586,PRD006,3,42.9,10
OI001769,O00586,PRD012,4,24.9,0
OI001770,O00586,PRD022,4,31.9,0
OI001771,O00586,PRD001,4,119.9,0
OI001772,O00587,PRD004,4,34.9,10
OI001773,O00587,PRD001,4,119.9,10
OI001774,O00587,PRD011,3,49.9,10
OI001775,O00587,PRD002,3,109.9,10
OI001776,O00588,PRD023,1,29.9,0
OI001777,O00589,PRD022,2,31.9,25
OI001778,O00589,PRD023,3,29.9,25
OI001779,O00589,PRD008,1,49.9,25
OI001780,O00590,PRD021,4,89.9,15
OI001781,O00590,PRD005,1,32.5,10
OI001782,O00591,PRD019,1,10.9,0
OI001783,O00591,PRD004,3,34.9,0
OI001784,O00591,PRD014,1,14.9,0
OI001785,O00592,PRD011,4,49.9,0
OI001786,O00592,PRD021,3,89.9,0
OI001787,O00592,PRD016,1,11.9,0
OI001788,O00592,PRD006,4,42.9,0
OI001789,O00592,PRD018,1,26.9,0
OI001790,O00593,PRD007,1,17.9,0
OI001791,O00593,PRD004,3,34.9,0
OI001792,O00593,PRD001,4,119.9,0
OI001793,O00593,PRD002,4,109.9,0
OI001794,O00594,PRD022,3,31.9,0
OI001795,O00594,PRD004,1,34.9,0
OI001796,O00594,PRD019,4,10.9,5
OI001797,O00594,PRD011,3,49.9,0
OI001798,O00595,PRD024,1,13.9,0
OI001799,O00595,PRD024,1,13.9,0
OI001800,O00595,PRD016,4,11.9,0
OI001801,O00595,PRD006,3,42.9,0
OI001802,O00595,PRD018,2,26.9,15
OI001803,O00596,PRD005,3,32.5,0
OI001804,O00596,PRD019,3,10.9,0
OI001805,O00597,PRD012,4,24.9,0
OI001806,O00597,PRD021,1,89.9,0
OI001807,O00597,PRD024,1,13.9,0
OI001808,O00597,PRD001,3,119.9,0
OI001809,O00597,PRD011,1,49.9,0
OI001810,O00598,PRD013,1,16.9,0
OI001811,O00598,PRD014,4,14.9,0
OI001812,O00598,PRD003,1,29.9,0
OI001813,O00598,PRD024,1,13.9,0
OI001814,O00598,PRD018,1,26.9,0
OI001815,O00599,PRD003,1,29.9,0
OI001816,O00599,PRD022,1,31.9,0
OI001817,O00599,PRD023,3,29.9,0
OI001818,O00600,PRD019,1,10.9,0
OI001819,O00600,PRD024,3,13.9,0
OI001820,O00600,PRD001,2,119.9,0
OI001821,O00600,PRD002,4,109.9,0
OI001822,O00601,PRD002,1,109.9,20
OI001823,O00601,PRD016,2,11.9,20
OI001824,O00601,PRD018,1,26.9,20
OI001825,O00601,PRD011,1,49.9,20
OI001826,O00601,PRD008,3,49.9,20
OI001827,O00602,PRD002,2,109.9,20
OI001828,O00602,PRD001,2,119.9,20
OI001829,O00602,PRD006,2,42.9,20
OI001830,O00602,PRD017,1,15.9,20
OI001831,O00602,PRD003,3,29.9,20
OI001832,O00603,PRD014,4,14.9,0
OI001833,O00604,PRD013,1,16.9,0
OI001834,O00604,PRD003,4,29.9,0
OI001835,O00604,PRD013,3,16.9,0
OI001836,O00604,PRD023,2,29.9,0
OI001837,O00605,PRD023,3,29.9,0
OI001838,O00606,PRD007,2,17.9,12
OI001839,O00606,PRD007,4,17.9,12
OI001840,O00606,PRD012,4,24.9,12
OI001841,O00606,PRD019,2,10.9,12
OI001842,O00606,PRD024,4,13.9,12
OI001843,O00607,PRD024,3,13.9,0
OI001844,O00607,PRD020,2,59.9,0
OI001845,O00607,PRD004,4,34.9,0
OI001846,O00608,PRD005,3,32.5,0
OI001847,O00609,PRD022,4,31.9,0
OI001848,O00609,PRD022,2,31.9,0
OI001849,O00609,PRD007,3,17.9,0
OI001850,O00609,PRD017,1,15.9,0
OI001851,O00610,PRD018,1,26.9,10
OI001852,O00610,PRD023,3,29.9,10
OI001853,O00610,PRD020,1,59.9,10
OI001854,O00611,PRD023,1,29.9,0
OI001855,O00611,PRD024,4,13.9,0
OI001856,O00612,PRD023,2,29.9,0
OI001857,O00612,PRD018,3,26.9,0
OI001858,O00613,PRD008,2,49.9,0
OI001859,O00613,PRD013,2,16.9,0
OI001860,O00614,PRD014,1,14.9,0
OI001861,O00614,PRD011,4,49.9,0
OI001862,O00614,PRD004,1,34.9,0
OI001863,O00615,PRD005,2,32.5,10
OI001864,O00616,PRD021,2,89.9,0
OI001865,O00616,PRD015,1,54.9,0
OI001866,O00616,PRD002,3,109.9,0
OI001867,O00616,PRD005,3,32.5,0
OI001868,O00616,PRD011,4,49.9,0
OI001869,O00617,PRD024,4,13.9,0
OI001870,O00617,PRD004,2,34.9,0
OI001871,O00617,PRD011,4,49.9,0
OI001872,O00617,PRD012,3,24.9,0
OI001873,O00617,PRD009,2,19.9,0
OI001874,O00618,PRD009,3,19.9,0
OI001875,O00618,PRD017,3,15.9,0
OI001876,O00619,PRD023,3,29.9,0
OI001877,O00619,PRD014,3,14.9,0
OI001878,O00619,PRD011,3,49.9,0
OI001879,O00619,PRD024,1,13.9,0
OI001880,O00619,PRD007,1,17.9,15
OI001881,O00620,PRD007,2,17.9,0
OI001882,O00620,PRD011,3,49.9,0
OI001883,O00621,PRD009,1,19.9,0
OI001884,O00621,PRD010,4,27.9,0
OI001885,O00622,PRD005,3,32.5,0
OI001886,O00622,PRD002,3,109.9,0
OI001887,O00622,PRD013,1,16.9,0
OI001888,O00622,PRD003,3,29.9,0
OI001889,O00623,PRD009,2,19.9,0
OI001890,O00623,PRD018,3,26.9,0
OI001891,O00623,PRD014,2,14.9,10
OI001892,O00623,PRD019,3,10.9,0
OI001893,O00623,PRD016,4,11.9,0
OI001894,O00624,PRD008,2,49.9,15
OI001895,O00624,PRD014,1,14.9,15
OI001896,O00625,PRD019,2,10.9,0
OI001897,O00625,PRD017,2,15.9,0
OI001898,O00625,PRD009,1,19.9,0
OI001899,O00625,PRD017,3,15.9,0
OI001900,O00625,PRD020,3,59.9,0
OI001901,O00626,PRD023,3,29.9,0
OI001902,O00626,PRD008,3,49.9,0
OI001903,O00626,PRD019,1,10.9,0
OI001904,O00626,PRD023,2,29.9,0
OI001905,O00626,PRD019,4,10.9,0
OI001906,O00627,PRD024,1,13.9,0
OI001907,O00627,PRD017,3,15.9,0
OI001908,O00627,PRD010,4,27.9,0
OI001909,O00628,PRD022,1,31.9,0
OI001910,O00628,PRD009,1,19.9,0
OI001911,O00628,PRD002,1,109.9,0
OI001912,O00629,PRD003,3,29.9,0
OI001913,O00629,PRD021,3,89.9,0
OI001914,O00629,PRD024,4,13.9,0
OI001915,O00629,PRD013,1,16.9,0
OI001916,O00629,PRD016,3,11.9,0
OI001917,O00630,PRD010,4,27.9,0
OI001918,O00630,PRD002,3,109.9,0
OI001919,O00631,PRD007,1,17.9,10
OI001920,O00631,PRD008,3,49.9,0
OI001921,O00631,PRD022,2,31.9,15
OI001922,O00631,PRD011,2,49.9,0
OI001923,O00631,PRD009,2,19.9,0
OI001924,O00632,PRD018,4,26.9,0
OI001925,O00632,PRD010,4,27.9,15
OI001926,O00632,PRD003,4,29.9,0
OI001927,O00632,PRD003,4,29.9,0
OI001928,O00633,PRD003,3,29.9,0
OI001929,O00633,PRD013,4,16.9,0
OI001930,O00634,PRD013,2,16.9,0
OI001931,O00634,PRD020,2,59.9,0
OI001932,O00635,PRD022,1,31.9,0
OI001933,O00635,PRD013,1,16.9,0
OI001934,O00635,PRD020,2,59.9,0
OI001935,O00635,PRD001,2,119.9,15
OI001936,O00635,PRD009,2,19.9,0
OI001937,O00636,PRD024,2,13.9,0
OI001938,O00636,PRD012,1,24.9,0
OI001939,O00637,PRD024,3,13.9,0
OI001940,O00637,PRD021,2,89.9,0
OI001941,O00637,PRD023,2,29.9,0
OI001942,O00637,PRD013,2,16.9,0
OI001943,O00637,PRD016,3,11.9,5
OI001944,O00638,PRD011,4,49.9,0
OI001945,O00639,PRD007,2,17.9,12
OI001946,O00639,PRD008,2,49.9,12
OI001947,O00639,PRD002,1,109.9,12
OI001948,O00639,PRD022,4,31.9,12
OI001949,O00639,PRD016,3,11.9,12
OI001950,O00640,PRD011,1,49.9,0
OI001951,O00640,PRD012,4,24.9,0
OI001952,O00640,PRD009,3,19.9,0
OI001953,O00640,PRD004,3,34.9,0
OI001954,O00640,PRD004,2,34.9,0
OI001955,O00641,PRD004,3,34.9,0
OI001956,O00641,PRD004,1,34.9,5
OI001957,O00641,PRD004,2,34.9,0
OI001958,O00641,PRD013,4,16.9,5
OI001959,O00642,PRD019,2,10.9,0
OI001960,O00642,PRD014,2,14.9,0
OI001961,O00642,PRD016,4,11.9,0
OI001962,O00642,PRD019,4,10.9,10
OI001963,O00643,PRD004,4,34.9,0
OI001964,O00643,PRD012,2,24.9,0
OI001965,O00643,PRD012,1,24.9,0
OI001966,O00643,PRD019,4,10.9,0
OI001967,O00643,PRD006,3,42.9,0
OI001968,O00644,PRD013,2,16.9,0
OI001969,O00644,PRD014,1,14.9,0
OI001970,O00644,PRD021,4,89.9,5
OI001971,O00644,PRD003,1,29.9,0
OI001972,O00644,PRD004,1,34.9,0
OI001973,O00645,PRD023,2,29.9,0
OI001974,O00645,PRD003,2,29.9,0
OI001975,O00645,PRD019,3,10.9,0
OI001976,O00646,PRD014,4,14.9,0
OI001977,O00647,PRD019,4,10.9,5
OI001978,O00647,PRD007,4,17.9,0
OI001979,O00647,PRD014,2,14.9,0
OI001980,O00648,PRD015,4,54.9,5
OI001981,O00648,PRD002,1,109.9,0
OI001982,O00648,PRD021,1,89.9,10
OI001983,O00649,PRD001,4,119.9,0
OI001984,O00649,PRD006,1,42.9,0
OI001985,O00649,PRD019,3,10.9,0
OI001986,O00649,PRD018,3,26.9,0
OI001987,O00650,PRD004,4,34.9,0
OI001988,O00650,PRD016,3,11.9,0
OI001989,O00650,PRD023,3,29.9,0
OI001990,O00650,PRD013,2,16.9,0
OI001991,O00650,PRD018,1,26.9,0
OI001992,O00651,PRD016,2,11.9,0
OI001993,O00651,PRD010,1,27.9,0
OI001994,O00651,PRD016,1,11.9,0
OI001995,O00652,PRD005,1,32.5,0
OI001996,O00653,PRD010,4,27.9,0
OI001997,O00653,PRD016,1,11.9,0
OI001998,O00653,PRD005,4,32.5,0
OI001999,O00653,PRD001,1,119.9,0
OI002000,O00653,PRD019,3,10.9,0
OI002001,O00654,PRD012,2,24.9,0
OI002002,O00654,PRD024,4,13.9,0
OI002003,O00654,PRD004,1,34.9,0
OI002004,O00655,PRD005,2,32.5,0
OI002005,O00655,PRD012,3,24.9,0
OI002006,O00655,PRD024,1,13.9,0
OI002007,O00656,PRD013,4,16.9,0
OI002008,O00656,PRD019,3,10.9,0
OI002009,O00656,PRD016,4,11.9,15
OI002010,O00656,PRD005,4,32.5,15
OI002011,O00656,PRD022,3,31.9,0
OI002012,O00657,PRD010,4,27.9,10
OI002013,O00657,PRD014,4,14.9,10
OI002014,O00657,PRD011,4,49.9,10
OI002015,O00657,PRD004,2,34.9,10
OI002016,O00657,PRD007,3,17.9,10
OI002017,O00658,PRD009,3,19.9,0
OI002018,O00658,PRD022,1,31.9,0
OI002019,O00658,PRD023,1,29.9,0
OI002020,O00658,PRD019,3,10.9,0
OI002021,O00658,PRD022,2,31.9,0
OI002022,O00659,PRD014,2,14.9,0
OI002023,O00659,PRD008,1,49.9,0
OI002024,O00659,PRD012,2,24.9,0
OI002025,O00659,PRD008,1,49.9,0
OI002026,O00660,PRD023,1,29.9,25
OI002027,O00660,PRD003,3,29.9,25
OI002028,O00660,PRD004,1,34.9,25
OI002029,O00660,PRD023,3,29.9,25
OI002030,O00660,PRD020,4,59.9,25
OI002031,O00661,PRD022,1,31.9,0
OI002032,O00661,PRD004,1,34.9,0
OI002033,O00661,PRD017,4,15.9,0
OI002034,O00661,PRD011,4,49.9,0
OI002035,O00661,PRD023,2,29.9,0
OI002036,O00662,PRD009,3,19.9,10
OI002037,O00663,PRD016,1,11.9,0
OI002038,O00663,PRD024,1,13.9,0
OI002039,O00663,PRD022,3,31.9,15
OI002040,O00664,PRD020,1,59.9,0
OI002041,O00664,PRD017,4,15.9,0
OI002042,O00664,PRD001,4,119.9,0
OI002043,O00664,PRD008,3,49.9,0
OI002044,O00664,PRD002,1,109.9,0
OI002045,O00665,PRD015,3,54.9,0
OI002046,O00665,PRD009,2,19.9,0
OI002047,O00665,PRD012,4,24.9,0
OI002048,O00665,PRD013,1,16.9,15
OI002049,O00666,PRD016,4,11.9,0
OI002050,O00666,PRD006,4,42.9,0
OI002051,O00666,PRD007,1,17.9,0
OI002052,O00666,PRD007,2,17.9,0
OI002053,O00666,PRD001,4,119.9,0
OI002054,O00667,PRD010,2,27.9,0
OI002055,O00667,PRD001,1,119.9,0
OI002056,O00667,PRD002,3,109.9,0
OI002057,O00668,PRD014,1,14.9,0
OI002058,O00668,PRD015,4,54.9,0
OI002059,O00668,PRD003,3,29.9,0
OI002060,O00668,PRD002,2,109.9,0
OI002061,O00669,PRD008,3,49.9,0
OI002062,O00669,PRD018,4,26.9,0
OI002063,O00670,PRD023,3,29.9,0
OI002064,O00670,PRD013,2,16.9,0
OI002065,O00671,PRD015,3,54.9,0
OI002066,O00671,PRD009,4,19.9,0
OI002067,O00671,PRD001,1,119.9,0
OI002068,O00671,PRD009,1,19.9,0
OI002069,O00671,PRD022,4,31.9,0
OI002070,O00672,PRD001,2,119.9,0
OI002071,O00673,PRD012,1,24.9,0
OI002072,O00673,PRD018,3,26.9,0
OI002073,O00673,PRD012,4,24.9,0
OI002074,O00673,PRD015,4,54.9,10
OI002075,O00673,PRD017,2,15.9,0
OI002076,O00674,PRD016,1,11.9,0
OI002077,O00674,PRD017,3,15.9,0
OI002078,O00674,PRD024,3,13.9,0
OI002079,O00674,PRD013,1,16.9,0
OI002080,O00674,PRD022,1,31.9,0
OI002081,O00675,PRD023,1,29.9,0
OI002082,O00675,PRD011,4,49.9,0
OI002083,O00675,PRD001,4,119.9,0
OI002084,O00675,PRD004,4,34.9,0
OI002085,O00676,PRD018,1,26.9,0
OI002086,O00676,PRD008,1,49.9,0
OI002087,O00676,PRD006,4,42.9,0
OI002088,O00676,PRD004,3,34.9,0
OI002089,O00676,PRD015,3,54.9,0
OI002090,O00677,PRD010,1,27.9,0
OI002091,O00677,PRD003,2,29.9,0
OI002092,O00677,PRD002,2,109.9,0
OI002093,O00677,PRD019,2,10.9,0
OI002094,O00678,PRD016,4,11.9,0
OI002095,O00678,PRD009,3,19.9,0
OI002096,O00678,PRD015,2,54.9,0
OI002097,O00678,PRD011,4,49.9,0
OI002098,O00678,PRD015,1,54.9,15
OI002099,O00679,PRD002,2,109.9,0
OI002100,O00679,PRD003,1,29.9,0
OI002101,O00679,PRD024,1,13.9,0
OI002102,O00679,PRD020,1,59.9,5
OI002103,O00680,PRD014,3,14.9,0
OI002104,O00680,PRD024,3,13.9,0
OI002105,O00680,PRD017,1,15.9,0
OI002106,O00680,PRD008,1,49.9,10
OI002107,O00681,PRD024,1,13.9,15
OI002108,O00681,PRD012,2,24.9,0
OI002109,O00681,PRD015,3,54.9,0
OI002110,O00681,PRD003,2,29.9,0
OI002111,O00681,PRD010,1,27.9,0
OI002112,O00682,PRD004,3,34.9,0
OI002113,O00683,PRD017,1,15.9,0
OI002114,O00683,PRD016,1,11.9,0
OI002115,O00683,PRD015,4,54.9,15
OI002116,O00684,PRD004,3,34.9,0
OI002117,O00684,PRD018,2,26.9,0
OI002118,O00684,PRD005,2,32.5,0
OI002119,O00684,PRD001,2,119.9,0
OI002120,O00685,PRD013,1,16.9,0
OI002121,O00685,PRD009,4,19.9,0
OI002122,O00685,PRD017,3,15.9,0
OI002123,O00685,PRD008,3,49.9,0
OI002124,O00685,PRD018,4,26.9,0
OI002125,O00686,PRD020,1,59.9,0
OI002126,O00686,PRD009,2,19.9,0
OI002127,O00686,PRD023,1,29.9,0
OI002128,O00687,PRD011,2,49.9,0
OI002129,O00688,PRD023,3,29.9,0
OI002130,O00689,PRD011,1,49.9,0
OI002131,O00689,PRD009,2,19.9,0
OI002132,O00689,PRD007,2,17.9,0
OI002133,O00689,PRD022,2,31.9,0
OI002134,O00690,PRD021,1,89.9,0
OI002135,O00690,PRD013,1,16.9,0
OI002136,O00691,PRD004,2,34.9,10
OI002137,O00692,PRD017,2,15.9,0
OI002138,O00692,PRD001,4,119.9,0
OI002139,O00693,PRD018,1,26.9,5
OI002140,O00693,PRD013,1,16.9,0
OI002141,O00694,PRD024,4,13.9,0
OI002142,O00695,PRD010,2,27.9,0
OI002143,O00696,PRD006,2,42.9,0
OI002144,O00696,PRD002,1,109.9,0
OI002145,O00697,PRD014,4,14.9,0
OI002146,O00697,PRD019,4,10.9,0
OI002147,O00697,PRD015,3,54.9,0
OI002148,O00697,PRD001,2,119.9,10
OI002149,O00698,PRD008,2,49.9,0
OI002150,O00698,PRD012,1,24.9,0
OI002151,O00698,PRD002,1,109.9,0
OI002152,O00699,PRD009,2,19.9,0
OI002153,O00699,PRD019,2,10.9,0
OI002154,O00699,PRD008,4,49.9,0
OI002155,O00699,PRD011,2,49.9,0
OI002156,O00699,PRD009,1,19.9,0
OI002157,O00700,PRD003,4,29.9,5
OI002158,O00700,PRD016,3,11.9,0
OI002159,O00700,PRD003,3,29.9,0
OI002160,O00700,PRD009,3,19.9,0
OI002161,O00701,PRD004,2,34.9,0
OI002162,O00701,PRD018,2,26.9,10
OI002163,O00701,PRD001,2,119.9,0
OI002164,O00701,PRD016,4,11.9,0
OI002165,O00702,PRD010,4,27.9,0
OI002166,O00702,PRD006,4,42.9,0
OI002167,O00703,PRD006,1,42.9,0
OI002168,O00704,PRD023,2,29.9,0
OI002169,O00704,PRD010,1,27.9,10
OI002170,O00704,PRD004,2,34.9,0
OI002171,O00704,PRD011,2,49.9,0
OI002172,O00704,PRD006,2,42.9,0
OI002173,O00705,PRD013,2,16.9,0
OI002174,O00705,PRD016,1,11.9,0
OI002175,O00705,PRD023,2,29.9,0
OI002176,O00706,PRD006,3,42.9,0
OI002177,O00706,PRD013,1,16.9,0
OI002178,O00707,PRD013,1,16.9,0
OI002179,O00707,PRD007,3,17.9,0
OI002180,O00708,PRD024,3,13.9,0
OI002181,O00709,PRD021,2,89.9,0
OI002182,O00709,PRD001,3,119.9,0
OI002183,O00709,PRD001,3,119.9,0
OI002184,O00709,PRD005,3,32.5,0
OI002185,O00710,PRD006,4,42.9,0
OI002186,O00710,PRD003,1,29.9,0
OI002187,O00710,PRD006,4,42.9,0
OI002188,O00710,PRD010,4,27.9,0
OI002189,O00711,PRD020,4,59.9,0
OI002190,O00711,PRD010,3,27.9,0
OI002191,O00711,PRD002,2,109.9,0
OI002192,O00712,PRD004,1,34.9,0
OI002193,O00712,PRD024,2,13.9,15
OI002194,O00712,PRD023,3,29.9,0
OI002195,O00713,PRD004,2,34.9,0
OI002196,O00713,PRD021,1,89.9,0
OI002197,O00713,PRD024,1,13.9,0
OI002198,O00714,PRD012,1,24.9,0
OI002199,O00714,PRD003,1,29.9,0
OI002200,O00714,PRD022,2,31.9,0
OI002201,O00715,PRD004,2,34.9,5
OI002202,O00716,PRD001,4,119.9,0
OI002203,O00717,PRD021,2,89.9,10
OI002204,O00718,PRD013,3,16.9,5
OI002205,O00718,PRD003,4,29.9,0
OI002206,O00718,PRD001,3,119.9,0
OI002207,O00718,PRD004,4,34.9,0
OI002208,O00719,PRD002,3,109.9,12
OI002209,O00719,PRD015,1,54.9,12
OI002210,O00720,PRD014,4,14.9,0
OI002211,O00721,PRD005,1,32.5,0
OI002212,O00721,PRD022,2,31.9,0
OI002213,O00721,PRD001,1,119.9,0
OI002214,O00721,PRD017,3,15.9,0
OI002215,O00721,PRD020,2,59.9,0
OI002216,O00722,PRD005,3,32.5,0
OI002217,O00722,PRD006,4,42.9,5
OI002218,O00722,PRD006,2,42.9,10
OI002219,O00722,PRD014,2,14.9,10
OI002220,O00723,PRD010,4,27.9,0
OI002221,O00724,PRD022,4,31.9,0
OI002222,O00725,PRD013,3,16.9,0
OI002223,O00725,PRD023,4,29.9,0
OI002224,O00725,PRD002,2,109.9,0
OI002225,O00725,PRD012,1,24.9,0
OI002226,O00726,PRD001,1,119.9,12
OI002227,O00726,PRD002,2,109.9,12
OI002228,O00726,PRD011,3,49.9,12
OI002229,O00727,PRD010,4,27.9,0
OI002230,O00727,PRD018,4,26.9,0
OI002231,O00727,PRD002,4,109.9,5
OI002232,O00727,PRD017,4,15.9,0
OI002233,O00727,PRD001,4,119.9,0
OI002234,O00728,PRD015,4,54.9,0
OI002235,O00728,PRD013,4,16.9,0
OI002236,O00728,PRD024,3,13.9,15
OI002237,O00729,PRD006,2,42.9,0
OI002238,O00729,PRD011,4,49.9,0
OI002239,O00730,PRD014,1,14.9,0
OI002240,O00730,PRD020,2,59.9,0
OI002241,O00730,PRD020,2,59.9,0
OI002242,O00730,PRD006,1,42.9,0
OI002243,O00730,PRD018,1,26.9,0
OI002244,O00731,PRD007,1,17.9,0
OI002245,O00731,PRD019,1,10.9,0
OI002246,O00732,PRD009,3,19.9,0
OI002247,O00733,PRD023,3,29.9,20
OI002248,O00733,PRD002,2,109.9,20
OI002249,O00734,PRD013,3,16.9,0
OI002250,O00734,PRD018,3,26.9,0
OI002251,O00735,PRD023,2,29.9,0
OI002252,O00735,PRD020,3,59.9,0
OI002253,O00735,PRD001,1,119.9,0
OI002254,O00735,PRD014,4,14.9,0
OI002255,O00735,PRD021,4,89.9,0
OI002256,O00736,PRD007,2,17.9,0
OI002257,O00736,PRD014,3,14.9,0
OI002258,O00736,PRD024,4,13.9,0
OI002259,O00736,PRD011,3,49.9,0
OI002260,O00736,PRD016,2,11.9,0
OI002261,O00737,PRD010,4,27.9,0
OI002262,O00738,PRD017,2,15.9,0
OI002263,O00738,PRD002,4,109.9,0
OI002264,O00738,PRD005,3,32.5,0
OI002265,O00738,PRD019,2,10.9,0
OI002266,O00738,PRD004,4,34.9,0
OI002267,O00739,PRD017,1,15.9,0
OI002268,O00739,PRD010,4,27.9,0
OI002269,O00739,PRD021,3,89.9,0
OI002270,O00739,PRD016,1,11.9,0
OI002271,O00739,PRD008,1,49.9,0
OI002272,O00740,PRD013,1,16.9,0
OI002273,O00740,PRD010,1,27.9,0
OI002274,O00740,PRD012,1,24.9,0
OI002275,O00740,PRD008,1,49.9,0
OI002276,O00740,PRD010,2,27.9,0
OI002277,O00741,PRD019,2,10.9,0
OI002278,O00742,PRD014,2,14.9,0
OI002279,O00742,PRD004,4,34.9,0
OI002280,O00743,PRD011,4,49.9,0
OI002281,O00743,PRD020,4,59.9,5
OI002282,O00743,PRD002,1,109.9,0
OI002283,O00743,PRD021,1,89.9,0
OI002284,O00744,PRD007,2,17.9,10
OI002285,O00744,PRD010,3,27.9,10
OI002286,O00744,PRD021,3,89.9,10
OI002287,O00745,PRD004,2,34.9,0
OI002288,O00745,PRD006,3,42.9,0
OI002289,O00746,PRD003,3,29.9,0
OI002290,O00746,PRD016,4,11.9,15
OI002291,O00747,PRD007,3,17.9,10
OI002292,O00747,PRD022,2,31.9,0
OI002293,O00747,PRD024,2,13.9,5
OI002294,O00747,PRD020,2,59.9,0
OI002295,O00748,PRD018,4,26.9,0
OI002296,O00748,PRD012,3,24.9,0
OI002297,O00748,PRD004,2,34.9,0
OI002298,O00749,PRD022,2,31.9,12
OI002299,O00749,PRD020,4,59.9,12
OI002300,O00750,PRD003,1,29.9,0
OI002301,O00751,PRD021,2,89.9,0
OI002302,O00752,PRD015,1,54.9,25
OI002303,O00752,PRD005,4,32.5,25
OI002304,O00752,PRD012,4,24.9,25
OI002305,O00752,PRD009,4,19.9,25
OI002306,O00752,PRD008,4,49.9,25
OI002307,O00753,PRD009,4,19.9,0
OI002308,O00754,PRD004,1,34.9,0
OI002309,O00754,PRD006,4,42.9,0
OI002310,O00754,PRD004,2,34.9,0
OI002311,O00755,PRD013,3,16.9,12
OI002312,O00756,PRD012,2,24.9,0
OI002313,O00756,PRD024,1,13.9,0
OI002314,O00756,PRD004,1,34.9,0
OI002315,O00756,PRD020,4,59.9,0
OI002316,O00756,PRD002,4,109.9,0
OI002317,O00757,PRD010,1,27.9,15
OI002318,O00757,PRD007,2,17.9,0
OI002319,O00758,PRD005,1,32.5,5
OI002320,O00758,PRD009,2,19.9,0
OI002321,O00759,PRD019,3,10.9,0
OI002322,O00759,PRD021,4,89.9,0
OI002323,O00759,PRD012,2,24.9,0
OI002324,O00759,PRD006,1,42.9,0
OI002325,O00759,PRD023,1,29.9,0
OI002326,O00760,PRD019,1,10.9,0
OI002327,O00760,PRD022,3,31.9,5
OI002328,O00760,PRD019,3,10.9,0
OI002329,O00760,PRD011,2,49.9,10
OI002330,O00760,PRD017,3,15.9,0
OI002331,O00761,PRD020,2,59.9,15
OI002332,O00761,PRD012,4,24.9,0
OI002333,O00762,PRD009,4,19.9,10
OI002334,O00762,PRD002,1,109.9,0
OI002335,O00762,PRD002,3,109.9,0
OI002336,O00762,PRD006,3,42.9,0
OI002337,O00763,PRD016,1,11.9,0
OI002338,O00763,PRD006,2,42.9,0
OI002339,O00763,PRD009,2,19.9,0
OI002340,O00764,PRD009,2,19.9,15
OI002341,O00764,PRD011,4,49.9,0
OI002342,O00765,PRD021,1,89.9,10
OI002343,O00765,PRD023,2,29.9,0
OI002344,O00765,PRD023,2,29.9,0
OI002345,O00765,PRD001,4,119.9,0
OI002346,O00765,PRD019,1,10.9,0
OI002347,O00766,PRD013,4,16.9,0
OI002348,O00766,PRD005,3,32.5,0
OI002349,O00766,PRD019,4,10.9,0
OI002350,O00767,PRD015,2,54.9,0
OI002351,O00767,PRD003,2,29.9,0
OI002352,O00768,PRD016,1,11.9,0
OI002353,O00768,PRD007,3,17.9,0
OI002354,O00769,PRD005,4,32.5,0
OI002355,O00769,PRD018,1,26.9,0
OI002356,O00770,PRD018,2,26.9,0
OI002357,O00770,PRD020,2,59.9,0
OI002358,O00771,PRD022,3,31.9,15
OI002359,O00771,PRD019,4,10.9,15
OI002360,O00771,PRD012,3,24.9,15
OI002361,O00771,PRD007,1,17.9,15
OI002362,O00771,PRD006,3,42.9,15
OI002363,O00772,PRD001,2,119.9,0
OI002364,O00772,PRD021,1,89.9,0
OI002365,O00772,PRD003,2,29.9,0
OI002366,O00772,PRD011,3,49.9,0
OI002367,O00773,PRD015,1,54.9,15
OI002368,O00773,PRD018,4,26.9,15
OI002369,O00774,PRD008,3,49.9,12
OI002370,O00774,PRD006,2,42.9,12
OI002371,O00775,PRD014,2,14.9,0
OI002372,O00775,PRD004,3,34.9,0
OI002373,O00775,PRD015,3,54.9,15
OI002374,O00775,PRD012,4,24.9,0
OI002375,O00776,PRD009,4,19.9,0
OI002376,O00776,PRD018,2,26.9,0
OI002377,O00777,PRD008,2,49.9,0
OI002378,O00777,PRD020,1,59.9,0
OI002379,O00778,PRD002,1,109.9,0
OI002380,O00778,PRD019,1,10.9,0
OI002381,O00778,PRD009,3,19.9,0
OI002382,O00778,PRD014,3,14.9,0
OI002383,O00779,PRD016,1,11.9,0
OI002384,O00779,PRD019,4,10.9,0
OI002385,O00779,PRD006,2,42.9,0
OI002386,O00779,PRD012,2,24.9,0
OI002387,O00780,PRD018,3,26.9,10
OI002388,O00780,PRD016,3,11.9,10
OI002389,O00780,PRD009,4,19.9,10
OI002390,O00781,PRD004,4,34.9,0
OI002391,O00781,PRD017,3,15.9,0
OI002392,O00781,PRD015,4,54.9,5
OI002393,O00781,PRD018,4,26.9,0
OI002394,O00782,PRD011,4,49.9,0
OI002395,O00782,PRD006,1,42.9,0
OI002396,O00782,PRD015,1,54.9,0
OI002397,O00782,PRD004,2,34.9,0
OI002398,O00783,PRD005,1,32.5,15
OI002399,O00784,PRD021,3,89.9,15
OI002400,O00784,PRD022,2,31.9,15
OI002401,O00784,PRD024,2,13.9,15
OI002402,O00785,PRD024,3,13.9,0
OI002403,O00786,PRD010,3,27.9,10
OI002404,O00786,PRD009,2,19.9,10
OI002405,O00787,PRD024,3,13.9,0
OI002406,O00787,PRD020,1,59.9,0
OI002407,O00787,PRD018,3,26.9,0
OI002408,O00787,PRD001,3,119.9,0
OI002409,O00788,PRD015,4,54.9,0
OI002410,O00788,PRD007,2,17.9,0
OI002411,O00789,PRD011,1,49.9,0
OI002412,O00789,PRD013,2,16.9,0
OI002413,O00789,PRD023,1,29.9,0
OI002414,O00789,PRD015,1,54.9,0
OI002415,O00789,PRD024,1,13.9,0
OI002416,O00790,PRD012,3,24.9,0
OI002417,O00790,PRD001,1,119.9,0
OI002418,O00790,PRD023,4,29.9,0
OI002419,O00790,PRD003,2,29.9,0
OI002420,O00791,PRD013,4,16.9,0
OI002421,O00791,PRD004,3,34.9,0
OI002422,O00792,PRD003,3,29.9,0
OI002423,O00792,PRD021,4,89.9,15
OI002424,O00793,PRD010,3,27.9,0
OI002425,O00794,PRD011,3,49.9,0
OI002426,O00794,PRD001,1,119.9,0
OI002427,O00795,PRD023,2,29.9,0
OI002428,O00796,PRD008,1,49.9,12
OI002429,O00796,PRD017,1,15.9,12
OI002430,O00796,PRD015,4,54.9,12
OI002431,O00796,PRD016,4,11.9,12
OI002432,O00797,PRD007,3,17.9,0
OI002433,O00797,PRD002,3,109.9,0
OI002434,O00797,PRD009,2,19.9,5
OI002435,O00798,PRD013,4,16.9,0
OI002436,O00798,PRD014,4,14.9,0
OI002437,O00798,PRD017,3,15.9,0
OI002438,O00799,PRD013,4,16.9,0
OI002439,O00799,PRD010,4,27.9,0
OI002440,O00800,PRD016,2,11.9,0
OI002441,O00800,PRD013,3,16.9,0
OI002442,O00801,PRD024,4,13.9,0
OI002443,O00801,PRD006,3,42.9,0
OI002444,O00802,PRD021,4,89.9,0
OI002445,O00802,PRD008,1,49.9,0
OI002446,O00802,PRD009,2,19.9,0
OI002447,O00802,PRD022,2,31.9,0
OI002448,O00802,PRD021,1,89.9,0
OI002449,O00803,PRD017,2,15.9,0
OI002450,O00803,PRD002,4,109.9,0
OI002451,O00803,PRD012,2,24.9,0
OI002452,O00804,PRD023,3,29.9,0
OI002453,O00804,PRD004,4,34.9,0
OI002454,O00804,PRD015,3,54.9,0
OI002455,O00805,PRD021,1,89.9,0
OI002456,O00806,PRD012,4,24.9,0
OI002457,O00807,PRD011,4,49.9,0
OI002458,O00808,PRD022,2,31.9,0
OI002459,O00808,PRD013,4,16.9,10
OI002460,O00808,PRD009,3,19.9,0
OI002461,O00808,PRD019,2,10.9,0
OI002462,O00809,PRD018,3,26.9,0
OI002463,O00809,PRD012,2,24.9,0
OI002464,O00809,PRD005,3,32.5,0
OI002465,O00809,PRD018,3,26.9,0
OI002466,O00810,PRD001,3,119.9,0
OI002467,O00810,PRD008,4,49.9,0
OI002468,O00810,PRD005,1,32.5,0
OI002469,O00811,PRD019,2,10.9,0
OI002470,O00811,PRD015,1,54.9,0
OI002471,O00811,PRD018,2,26.9,0
OI002472,O00811,PRD008,3,49.9,0
OI002473,O00812,PRD016,1,11.9,0
OI002474,O00812,PRD019,4,10.9,0
OI002475,O00812,PRD005,1,32.5,0
OI002476,O00813,PRD019,2,10.9,0
OI002477,O00813,PRD013,4,16.9,0
OI002478,O00813,PRD018,3,26.9,0
OI002479,O00814,PRD008,4,49.9,0
OI002480,O00814,PRD006,1,42.9,0
OI002481,O00815,PRD011,4,49.9,0
OI002482,O00815,PRD008,2,49.9,0
OI002483,O00815,PRD022,2,31.9,15
OI002484,O00815,PRD006,3,42.9,0
OI002485,O00815,PRD001,2,119.9,0
OI002486,O00816,PRD002,2,109.9,0
OI002487,O00816,PRD014,4,14.9,0
OI002488,O00816,PRD016,1,11.9,0
OI002489,O00816,PRD016,3,11.9,0
OI002490,O00816,PRD020,4,59.9,0
OI002491,O00817,PRD006,1,42.9,5
OI002492,O00817,PRD006,3,42.9,0
OI002493,O00818,PRD005,3,32.5,0
OI002494,O00818,PRD021,3,89.9,0
OI002495,O00819,PRD022,4,31.9,0
OI002496,O00819,PRD017,4,15.9,0
OI002497,O00819,PRD024,2,13.9,0
OI002498,O00819,PRD002,3,109.9,0
OI002499,O00820,PRD004,1,34.9,0
OI002500,O00820,PRD015,1,54.9,0
OI002501,O00820,PRD009,2,19.9,0
OI002502,O00820,PRD001,1,119.9,0
OI002503,O00821,PRD018,3,26.9,0
OI002504,O00821,PRD017,3,15.9,0
OI002505,O00822,PRD020,2,59.9,0
OI002506,O00823,PRD018,4,26.9,0
OI002507,O00823,PRD003,3,29.9,0
OI002508,O00823,PRD024,2,13.9,0
OI002509,O00824,PRD015,4,54.9,0
OI002510,O00824,PRD014,2,14.9,0
OI002511,O00825,PRD015,1,54.9,0
OI002512,O00825,PRD016,2,11.9,0
OI002513,O00825,PRD006,1,42.9,0
OI002514,O00825,PRD006,4,42.9,10
OI002515,O00825,PRD021,2,89.9,0
OI002516,O00826,PRD022,3,31.9,0
OI002517,O00826,PRD024,4,13.9,0
OI002518,O00826,PRD008,4,49.9,0
OI002519,O00826,PRD016,2,11.9,0
OI002520,O00826,PRD021,1,89.9,0
OI002521,O00827,PRD012,3,24.9,0
OI002522,O00827,PRD010,4,27.9,0
OI002523,O00827,PRD007,2,17.9,5
OI002524,O00827,PRD021,1,89.9,0
OI002525,O00828,PRD019,4,10.9,0
OI002526,O00828,PRD017,1,15.9,0
OI002527,O00828,PRD020,4,59.9,0
OI002528,O00828,PRD003,4,29.9,10
OI002529,O00829,PRD015,3,54.9,0
OI002530,O00829,PRD024,4,13.9,0
OI002531,O00829,PRD005,2,32.5,0
OI002532,O00829,PRD018,4,26.9,0
OI002533,O00829,PRD012,2,24.9,0
OI002534,O00830,PRD016,2,11.9,0
OI002535,O00830,PRD009,1,19.9,0
OI002536,O00830,PRD021,1,89.9,0
OI002537,O00831,PRD019,3,10.9,15
OI002538,O00831,PRD011,4,49.9,15
OI002539,O00831,PRD002,4,109.9,15
OI002540,O00831,PRD002,3,109.9,15
OI002541,O00832,PRD007,4,17.9,15
OI002542,O00832,PRD007,3,17.9,0
OI002543,O00832,PRD008,4,49.9,0
OI002544,O00833,PRD002,1,109.9,0
OI002545,O00833,PRD005,3,32.5,0
OI002546,O00833,PRD015,3,54.9,0
OI002547,O00833,PRD013,3,16.9,0
OI002548,O00833,PRD011,2,49.9,0
OI002549,O00834,PRD008,1,49.9,0
OI002550,O00834,PRD019,2,10.9,0
OI002551,O00834,PRD014,2,14.9,0
OI002552,O00834,PRD011,4,49.9,0
OI002553,O00834,PRD015,2,54.9,0
OI002554,O00835,PRD014,4,14.9,20
OI002555,O00835,PRD004,2,34.9,20
OI002556,O00835,PRD022,4,31.9,20
OI002557,O00835,PRD018,2,26.9,20
OI002558,O00835,PRD005,4,32.5,20
OI002559,O00836,PRD018,2,26.9,0
OI002560,O00836,PRD019,3,10.9,0
OI002561,O00836,PRD016,4,11.9,0
OI002562,O00836,PRD023,3,29.9,5
OI002563,O00837,PRD019,4,10.9,0
OI002564,O00837,PRD009,1,19.9,10
OI002565,O00837,PRD016,3,11.9,0
OI002566,O00837,PRD015,2,54.9,0
OI002567,O00838,PRD007,4,17.9,0
OI002568,O00838,PRD023,3,29.9,0
OI002569,O00838,PRD004,3,34.9,0
OI002570,O00839,PRD003,1,29.9,10
OI002571,O00839,PRD012,1,24.9,10
OI002572,O00839,PRD005,2,32.5,10
OI002573,O00839,PRD012,3,24.9,10
OI002574,O00840,PRD021,4,89.9,0
OI002575,O00840,PRD015,1,54.9,0
OI002576,O00840,PRD002,1,109.9,0
OI002577,O00841,PRD016,1,11.9,0
OI002578,O00842,PRD014,3,14.9,0
OI002579,O00843,PRD018,4,26.9,15
OI002580,O00843,PRD002,1,109.9,0
OI002581,O00843,PRD002,3,109.9,0
OI002582,O00843,PRD010,1,27.9,0
OI002583,O00843,PRD008,3,49.9,0
OI002584,O00844,PRD009,4,19.9,0
OI002585,O00844,PRD002,3,109.9,10
OI002586,O00844,PRD004,3,34.9,0
OI002587,O00844,PRD005,4,32.5,0
OI002588,O00845,PRD005,1,32.5,0
OI002589,O00846,PRD023,1,29.9,0
OI002590,O00847,PRD010,1,27.9,0
OI002591,O00847,PRD014,4,14.9,0
OI002592,O00847,PRD003,1,29.9,0
OI002593,O00847,PRD008,2,49.9,0
OI002594,O00848,PRD012,4,24.9,0
OI002595,O00849,PRD007,3,17.9,0
OI002596,O00849,PRD015,4,54.9,0
OI002597,O00849,PRD014,4,14.9,0
OI002598,O00850,PRD004,2,34.9,0
OI002599,O00850,PRD006,2,42.9,0
OI002600,O00850,PRD014,3,14.9,0
OI002601,O00851,PRD003,1,29.9,0
OI002602,O00851,PRD018,2,26.9,0
OI002603,O00851,PRD016,3,11.9,0
OI002604,O00851,PRD012,1,24.9,0
OI002605,O00851,PRD016,1,11.9,0
OI002606,O00852,PRD023,1,29.9,0
OI002607,O00852,PRD008,2,49.9,0
OI002608,O00852,PRD011,4,49.9,0
OI002609,O00852,PRD004,2,34.9,0
OI002610,O00853,PRD010,3,27.9,0
OI002611,O00853,PRD002,4,109.9,0
OI002612,O00853,PRD004,2,34.9,0
OI002613,O00853,PRD023,1,29.9,15
OI002614,O00854,PRD023,2,29.9,15
OI002615,O00854,PRD001,1,119.9,15
OI002616,O00855,PRD002,2,109.9,0
OI002617,O00855,PRD004,4,34.9,0
OI002618,O00855,PRD009,4,19.9,0
OI002619,O00855,PRD014,4,14.9,0
OI002620,O00856,PRD024,3,13.9,0
OI002621,O00856,PRD001,1,119.9,0
OI002622,O00857,PRD004,4,34.9,15
OI002623,O00857,PRD007,1,17.9,15
OI002624,O00857,PRD008,3,49.9,15
OI002625,O00857,PRD021,3,89.9,15
OI002626,O00858,PRD022,2,31.9,0
OI002627,O00858,PRD016,1,11.9,0
OI002628,O00858,PRD002,2,109.9,0
OI002629,O00858,PRD021,2,89.9,0
OI002630,O00859,PRD007,1,17.9,10
OI002631,O00859,PRD020,2,59.9,0
OI002632,O00859,PRD008,1,49.9,0
OI002633,O00860,PRD017,3,15.9,0
OI002634,O00861,PRD024,3,13.9,0
OI002635,O00862,PRD024,2,13.9,0
OI002636,O00862,PRD019,2,10.9,0
OI002637,O00862,PRD014,4,14.9,0
OI002638,O00862,PRD007,4,17.9,0
OI002639,O00863,PRD010,2,27.9,10
OI002640,O00863,PRD001,1,119.9,0
OI002641,O00863,PRD017,2,15.9,0
OI002642,O00863,PRD012,4,24.9,0
OI002643,O00863,PRD024,1,13.9,0
OI002644,O00864,PRD003,4,29.9,0
OI002645,O00864,PRD007,3,17.9,0
OI002646,O00864,PRD007,1,17.9,0
OI002647,O00864,PRD002,4,109.9,0
OI002648,O00864,PRD006,3,42.9,0
OI002649,O00865,PRD010,4,27.9,20
OI002650,O00865,PRD004,4,34.9,20
OI002651,O00865,PRD011,2,49.9,20
OI002652,O00865,PRD003,1,29.9,20
OI002653,O00865,PRD020,4,59.9,20
OI002654,O00866,PRD016,2,11.9,0
OI002655,O00866,PRD007,4,17.9,0
OI002656,O00866,PRD021,2,89.9,0
OI002657,O00867,PRD023,1,29.9,10
OI002658,O00867,PRD010,2,27.9,10
OI002659,O00867,PRD003,2,29.9,10
OI002660,O00867,PRD001,4,119.9,10
OI002661,O00867,PRD016,4,11.9,10
OI002662,O00868,PRD005,1,32.5,0
OI002663,O00868,PRD007,3,17.9,0
OI002664,O00868,PRD001,3,119.9,0
OI002665,O00868,PRD003,3,29.9,0
OI002666,O00869,PRD020,1,59.9,0
OI002667,O00869,PRD019,4,10.9,0
OI002668,O00870,PRD013,1,16.9,0
OI002669,O00870,PRD021,1,89.9,0
OI002670,O00870,PRD011,4,49.9,15
OI002671,O00871,PRD002,4,109.9,0
OI002672,O00871,PRD020,4,59.9,0
OI002673,O00871,PRD009,2,19.9,0
OI002674,O00871,PRD017,2,15.9,0
OI002675,O00871,PRD020,3,59.9,0
OI002676,O00872,PRD018,3,26.9,0
OI002677,O00872,PRD008,3,49.9,0
OI002678,O00873,PRD004,1,34.9,0
OI002679,O00874,PRD006,3,42.9,0
OI002680,O00875,PRD020,1,59.9,0
OI002681,O00875,PRD014,3,14.9,0
OI002682,O00875,PRD017,3,15.9,0
OI002683,O00875,PRD022,2,31.9,0
OI002684,O00875,PRD003,3,29.9,0
OI002685,O00876,PRD010,3,27.9,0
OI002686,O00876,PRD013,1,16.9,0
OI002687,O00877,PRD004,2,34.9,0
OI002688,O00878,PRD009,2,19.9,0
OI002689,O00878,PRD023,2,29.9,0
OI002690,O00878,PRD011,3,49.9,0
OI002691,O00879,PRD010,4,27.9,0
OI002692,O00879,PRD024,1,13.9,0
OI002693,O00879,PRD012,1,24.9,0
OI002694,O00880,PRD008,3,49.9,0
OI002695,O00880,PRD010,1,27.9,0
OI002696,O00880,PRD020,4,59.9,0
OI002697,O00881,PRD004,3,34.9,0
OI002698,O00881,PRD011,3,49.9,0
OI002699,O00881,PRD024,3,13.9,0
OI002700,O00881,PRD012,3,24.9,0
OI002701,O00882,PRD002,4,109.9,0
OI002702,O00882,PRD008,3,49.9,0
OI002703,O00882,PRD003,4,29.9,0
OI002704,O00882,PRD021,2,89.9,0
OI002705,O00883,PRD003,3,29.9,5
OI002706,O00883,PRD023,3,29.9,0
OI002707,O00883,PRD003,4,29.9,5
OI002708,O00883,PRD002,4,109.9,0
OI002709,O00883,PRD013,3,16.9,0
OI002710,O00884,PRD010,4,27.9,0
OI002711,O00884,PRD007,4,17.9,0
OI002712,O00884,PRD002,4,109.9,0
OI002713,O00884,PRD019,1,10.9,0
OI002714,O00884,PRD016,4,11.9,0
OI002715,O00885,PRD004,1,34.9,0
OI002716,O00885,PRD004,4,34.9,0
OI002717,O00886,PRD002,3,109.9,0
OI002718,O00886,PRD021,1,89.9,0
OI002719,O00887,PRD010,2,27.9,0
OI002720,O00887,PRD013,4,16.9,0
OI002721,O00888,PRD001,3,119.9,0
OI002722,O00889,PRD022,4,31.9,5
OI002723,O00889,PRD012,3,24.9,0
OI002724,O00890,PRD001,2,119.9,0
OI002725,O00890,PRD014,4,14.9,0
OI002726,O00890,PRD014,2,14.9,0
OI002727,O00890,PRD013,3,16.9,0
OI002728,O00891,PRD017,1,15.9,0
OI002729,O00891,PRD001,2,119.9,0
OI002730,O00891,PRD002,4,109.9,0
OI002731,O00891,PRD015,2,54.9,0
OI002732,O00892,PRD007,3,17.9,0
OI002733,O00892,PRD002,3,109.9,0
OI002734,O00893,PRD007,3,17.9,0
OI002735,O00893,PRD011,2,49.9,0
OI002736,O00893,PRD017,2,15.9,0
OI002737,O00894,PRD021,4,89.9,15
OI002738,O00894,PRD018,1,26.9,15
OI002739,O00894,PRD011,3,49.9,15
OI002740,O00894,PRD003,4,29.9,15
OI002741,O00894,PRD017,4,15.9,15
OI002742,O00895,PRD016,3,11.9,0
OI002743,O00896,PRD024,4,13.9,25
OI002744,O00896,PRD005,1,32.5,25
OI002745,O00896,PRD021,3,89.9,25
OI002746,O00896,PRD019,2,10.9,25
OI002747,O00896,PRD014,1,14.9,25
OI002748,O00897,PRD010,4,27.9,0
OI002749,O00897,PRD002,4,109.9,0
OI002750,O00897,PRD021,4,89.9,0
OI002751,O00898,PRD021,2,89.9,0
OI002752,O00899,PRD009,2,19.9,0
OI002753,O00899,PRD024,2,13.9,0
OI002754,O00899,PRD023,3,29.9,0
OI002755,O00899,PRD004,2,34.9,0
OI002756,O00900,PRD005,2,32.5,0
OI002757,O00900,PRD024,4,13.9,0
OI002758,O00900,PRD006,1,42.9,15
OI002759,O00900,PRD010,2,27.9,0
OI002760,O00900,PRD015,4,54.9,10
OI000056,O00020,PRD007,3,17.9,0
